ISO-10303-21;
HEADER;
FILE_DESCRIPTION((''),'2;1');
FILE_NAME('ESP32-S3-TOUCH-LCD-4_ASM_ASM','2026-05-10T15:37:05',('26466'),(''),
'CREO PARAMETRIC BY PTC INC, 2021023','CREO PARAMETRIC BY PTC INC, 2021023','');
FILE_SCHEMA(('CONFIG_CONTROL_DESIGN','SHAPE_APPEARANCE_LAYERS_GROUPS'));
ENDSEC;
DATA;
#40=CARTESIAN_POINT('',(-6.170345368E1,3.E0,-1.59025129E1));
#41=DIRECTION('',(0.E0,-1.E0,0.E0));
#42=DIRECTION('',(1.E0,0.E0,0.E0));
#43=AXIS2_PLACEMENT_3D('',#40,#41,#42);
#45=CARTESIAN_POINT('',(-6.170345368E1,3.E0,-1.59025129E1));
#46=DIRECTION('',(0.E0,-1.E0,0.E0));
#47=DIRECTION('',(-1.E0,0.E0,0.E0));
#48=AXIS2_PLACEMENT_3D('',#45,#46,#47);
#50=CARTESIAN_POINT('',(6.79658966E0,3.E0,-1.59025129E1));
#51=DIRECTION('',(0.E0,-1.E0,0.E0));
#52=DIRECTION('',(1.E0,0.E0,0.E0));
#53=AXIS2_PLACEMENT_3D('',#50,#51,#52);
#55=CARTESIAN_POINT('',(6.79658966E0,3.E0,-1.59025129E1));
#56=DIRECTION('',(0.E0,-1.E0,0.E0));
#57=DIRECTION('',(-1.E0,0.E0,0.E0));
#58=AXIS2_PLACEMENT_3D('',#55,#56,#57);
#60=CARTESIAN_POINT('',(6.79658966E0,3.E0,5.059752936E1));
#61=DIRECTION('',(0.E0,-1.E0,0.E0));
#62=DIRECTION('',(1.E0,0.E0,0.E0));
#63=AXIS2_PLACEMENT_3D('',#60,#61,#62);
#65=CARTESIAN_POINT('',(6.79658966E0,3.E0,5.059752936E1));
#66=DIRECTION('',(0.E0,-1.E0,0.E0));
#67=DIRECTION('',(-1.E0,0.E0,0.E0));
#68=AXIS2_PLACEMENT_3D('',#65,#66,#67);
#70=CARTESIAN_POINT('',(-6.170345368E1,3.E0,5.059752936E1));
#71=DIRECTION('',(0.E0,-1.E0,0.E0));
#72=DIRECTION('',(1.E0,0.E0,0.E0));
#73=AXIS2_PLACEMENT_3D('',#70,#71,#72);
#75=CARTESIAN_POINT('',(-6.170345368E1,3.E0,5.059752936E1));
#76=DIRECTION('',(0.E0,-1.E0,0.E0));
#77=DIRECTION('',(-1.E0,0.E0,0.E0));
#78=AXIS2_PLACEMENT_3D('',#75,#76,#77);
#80=CARTESIAN_POINT('',(-6.170345368E1,3.E0,5.059752936E1));
#81=DIRECTION('',(0.E0,1.E0,0.E0));
#82=DIRECTION('',(1.E0,0.E0,0.E0));
#83=AXIS2_PLACEMENT_3D('',#80,#81,#82);
#85=CARTESIAN_POINT('',(-6.170345368E1,3.E0,5.059752936E1));
#86=DIRECTION('',(0.E0,1.E0,0.E0));
#87=DIRECTION('',(-1.E0,0.E0,0.E0));
#88=AXIS2_PLACEMENT_3D('',#85,#86,#87);
#90=CARTESIAN_POINT('',(6.79658966E0,3.E0,5.059752936E1));
#91=DIRECTION('',(0.E0,1.E0,0.E0));
#92=DIRECTION('',(1.E0,0.E0,0.E0));
#93=AXIS2_PLACEMENT_3D('',#90,#91,#92);
#95=CARTESIAN_POINT('',(6.79658966E0,3.E0,5.059752936E1));
#96=DIRECTION('',(0.E0,1.E0,0.E0));
#97=DIRECTION('',(-1.E0,0.E0,0.E0));
#98=AXIS2_PLACEMENT_3D('',#95,#96,#97);
#100=CARTESIAN_POINT('',(-6.170345368E1,3.E0,-1.59025129E1));
#101=DIRECTION('',(0.E0,1.E0,0.E0));
#102=DIRECTION('',(1.E0,0.E0,0.E0));
#103=AXIS2_PLACEMENT_3D('',#100,#101,#102);
#105=CARTESIAN_POINT('',(-6.170345368E1,3.E0,-1.59025129E1));
#106=DIRECTION('',(0.E0,1.E0,0.E0));
#107=DIRECTION('',(-1.E0,0.E0,0.E0));
#108=AXIS2_PLACEMENT_3D('',#105,#106,#107);
#110=CARTESIAN_POINT('',(6.79658966E0,3.E0,-1.59025129E1));
#111=DIRECTION('',(0.E0,1.E0,0.E0));
#112=DIRECTION('',(1.E0,0.E0,0.E0));
#113=AXIS2_PLACEMENT_3D('',#110,#111,#112);
#115=CARTESIAN_POINT('',(6.79658966E0,3.E0,-1.59025129E1));
#116=DIRECTION('',(0.E0,1.E0,0.E0));
#117=DIRECTION('',(-1.E0,0.E0,0.E0));
#118=AXIS2_PLACEMENT_3D('',#115,#116,#117);
#120=DIRECTION('',(0.E0,-1.E0,0.E0));
#121=VECTOR('',#120,1.E0);
#122=CARTESIAN_POINT('',(-5.895345368E1,3.E0,-1.59025129E1));
#123=LINE('',#122,#121);
#124=CARTESIAN_POINT('',(-6.170345368E1,2.E0,-1.59025129E1));
#125=DIRECTION('',(0.E0,-1.E0,0.E0));
#126=DIRECTION('',(1.E0,0.E0,0.E0));
#127=AXIS2_PLACEMENT_3D('',#124,#125,#126);
#129=DIRECTION('',(0.E0,-1.E0,0.E0));
#130=VECTOR('',#129,1.E0);
#131=CARTESIAN_POINT('',(-6.445345368E1,3.E0,-1.59025129E1));
#132=LINE('',#131,#130);
#133=CARTESIAN_POINT('',(-6.170345368E1,2.E0,-1.59025129E1));
#134=DIRECTION('',(0.E0,-1.E0,0.E0));
#135=DIRECTION('',(-1.E0,0.E0,0.E0));
#136=AXIS2_PLACEMENT_3D('',#133,#134,#135);
#138=CARTESIAN_POINT('',(-2.745343201E1,2.E0,4.734750823E1));
#139=DIRECTION('',(0.E0,-1.E0,0.E0));
#140=DIRECTION('',(1.E0,0.E0,0.E0));
#141=AXIS2_PLACEMENT_3D('',#138,#139,#140);
#143=CARTESIAN_POINT('',(-2.745343201E1,2.E0,4.734750823E1));
#144=DIRECTION('',(0.E0,-1.E0,0.E0));
#145=DIRECTION('',(-1.E0,0.E0,0.E0));
#146=AXIS2_PLACEMENT_3D('',#143,#144,#145);
#148=CARTESIAN_POINT('',(-2.745343201E1,2.E0,-1.265249177E1));
#149=DIRECTION('',(0.E0,-1.E0,0.E0));
#150=DIRECTION('',(1.E0,0.E0,0.E0));
#151=AXIS2_PLACEMENT_3D('',#148,#149,#150);
#153=CARTESIAN_POINT('',(-2.745343201E1,2.E0,-1.265249177E1));
#154=DIRECTION('',(0.E0,-1.E0,0.E0));
#155=DIRECTION('',(-1.E0,0.E0,0.E0));
#156=AXIS2_PLACEMENT_3D('',#153,#154,#155);
#158=DIRECTION('',(0.E0,0.E0,-1.E0));
#159=VECTOR('',#158,9.323228572479E0);
#160=CARTESIAN_POINT('',(-6.450567347376E1,2.E0,4.397092957990E1));
#161=LINE('',#160,#159);
#162=DIRECTION('',(-1.E0,0.E0,0.E0));
#163=VECTOR('',#162,9.186665214635E0);
#164=CARTESIAN_POINT('',(-5.531900825913E1,2.E0,4.397092957990E1));
#165=LINE('',#164,#163);
#166=DIRECTION('',(0.E0,0.E0,1.E0));
#167=VECTOR('',#166,9.323228572479E0);
#168=CARTESIAN_POINT('',(-5.531900825913E1,2.E0,3.464770100742E1));
#169=LINE('',#168,#167);
#170=DIRECTION('',(1.E0,0.E0,0.E0));
#171=VECTOR('',#170,9.186665214635E0);
#172=CARTESIAN_POINT('',(-6.450567347376E1,2.E0,3.464770100742E1));
#173=LINE('',#172,#171);
#174=DIRECTION('',(0.E0,0.E0,-1.E0));
#175=VECTOR('',#174,1.22E1);
#176=CARTESIAN_POINT('',(-4.339628904373E1,2.E0,4.634750823E1));
#177=LINE('',#176,#175);
#178=DIRECTION('',(-1.E0,0.E0,0.E0));
#179=VECTOR('',#178,7.2E0);
#180=CARTESIAN_POINT('',(-4.339628904373E1,2.E0,3.414750823E1));
#181=LINE('',#180,#179);
#182=DIRECTION('',(0.E0,0.E0,1.E0));
#183=VECTOR('',#182,1.22E1);
#184=CARTESIAN_POINT('',(-5.059628904373E1,2.E0,3.414750823E1));
#185=LINE('',#184,#183);
#186=DIRECTION('',(1.E0,0.E0,0.E0));
#187=VECTOR('',#186,7.2E0);
#188=CARTESIAN_POINT('',(-5.059628904373E1,2.E0,4.634750823E1));
#189=LINE('',#188,#187);
#190=DIRECTION('',(-1.E0,0.E0,0.E0));
#191=VECTOR('',#190,7.2E0);
#192=CARTESIAN_POINT('',(-4.339628904373E1,2.E0,-1.165249177E1));
#193=LINE('',#192,#191);
#194=DIRECTION('',(0.E0,0.E0,1.E0));
#195=VECTOR('',#194,1.22E1);
#196=CARTESIAN_POINT('',(-5.059628904373E1,2.E0,-1.165249177E1));
#197=LINE('',#196,#195);
#198=DIRECTION('',(1.E0,0.E0,0.E0));
#199=VECTOR('',#198,7.2E0);
#200=CARTESIAN_POINT('',(-5.059628904373E1,2.E0,5.4750823E-1));
#201=LINE('',#200,#199);
#202=DIRECTION('',(0.E0,0.E0,-1.E0));
#203=VECTOR('',#202,1.22E1);
#204=CARTESIAN_POINT('',(-4.339628904373E1,2.E0,5.4750823E-1));
#205=LINE('',#204,#203);
#206=DIRECTION('',(0.E0,0.E0,-1.E0));
#207=VECTOR('',#206,1.164340453724E1);
#208=CARTESIAN_POINT('',(-1.333483385606E1,2.E0,2.316921049862E1));
#209=LINE('',#208,#207);
#210=DIRECTION('',(-1.E0,0.E0,0.E0));
#211=VECTOR('',#210,7.2E0);
#212=CARTESIAN_POINT('',(-1.333483385606E1,2.E0,1.152580596138E1));
#213=LINE('',#212,#211);
#214=DIRECTION('',(0.E0,0.E0,1.E0));
#215=VECTOR('',#214,1.164340453724E1);
#216=CARTESIAN_POINT('',(-2.053483385606E1,2.E0,1.152580596138E1));
#217=LINE('',#216,#215);
#218=DIRECTION('',(1.E0,0.E0,0.E0));
#219=VECTOR('',#218,7.2E0);
#220=CARTESIAN_POINT('',(-2.053483385606E1,2.E0,2.316921049862E1));
#221=LINE('',#220,#219);
#222=CARTESIAN_POINT('',(-1.006819557352E1,2.E0,-9.261820487838E0));
#223=DIRECTION('',(0.E0,1.E0,0.E0));
#224=DIRECTION('',(-8.473054581440E-1,0.E0,5.311058845459E-1));
#225=AXIS2_PLACEMENT_3D('',#222,#223,#224);
#227=CARTESIAN_POINT('',(-1.124749070950E1,2.E0,-3.667546415655E0));
#228=DIRECTION('',(0.E0,1.E0,0.E0));
#229=DIRECTION('',(1.E0,0.E0,0.E0));
#230=AXIS2_PLACEMENT_3D('',#227,#228,#229);
#232=DIRECTION('',(0.E0,0.E0,-1.E0));
#233=VECTOR('',#232,4.748494155565E1);
#234=CARTESIAN_POINT('',(-1.044749070950E1,2.E0,4.381739514E1));
#235=LINE('',#234,#233);
#236=DIRECTION('',(0.E0,0.E0,1.E0));
#237=VECTOR('',#236,1.003011309E1);
#238=CARTESIAN_POINT('',(1.168942502373E1,2.E0,4.531739514E1));
#239=LINE('',#238,#237);
#240=DIRECTION('',(1.E0,0.E0,0.E0));
#241=VECTOR('',#240,7.828571406745E1);
#242=CARTESIAN_POINT('',(-6.659628904373E1,2.E0,5.534750823E1));
#243=LINE('',#242,#241);
#244=DIRECTION('',(0.E0,0.E0,1.E0));
#245=VECTOR('',#244,7.6E1);
#246=CARTESIAN_POINT('',(-6.659628904373E1,2.E0,-2.065249177E1));
#247=LINE('',#246,#245);
#248=DIRECTION('',(1.E0,0.E0,0.E0));
#249=VECTOR('',#248,7.828571406745E1);
#250=CARTESIAN_POINT('',(-6.659628904373E1,2.E0,-2.065249177E1));
#251=LINE('',#250,#249);
#252=DIRECTION('',(0.E0,0.E0,1.E0));
#253=VECTOR('',#252,1.189915842620E1);
#254=CARTESIAN_POINT('',(1.168942502373E1,2.E0,-2.065249177E1));
#255=LINE('',#254,#253);
#256=DIRECTION('',(0.E0,-1.E0,0.E0));
#257=VECTOR('',#256,1.E0);
#258=CARTESIAN_POINT('',(9.54658966E0,3.E0,-1.59025129E1));
#259=LINE('',#258,#257);
#260=CARTESIAN_POINT('',(6.79658966E0,2.E0,-1.59025129E1));
#261=DIRECTION('',(0.E0,-1.E0,0.E0));
#262=DIRECTION('',(1.E0,0.E0,0.E0));
#263=AXIS2_PLACEMENT_3D('',#260,#261,#262);
#265=DIRECTION('',(0.E0,-1.E0,0.E0));
#266=VECTOR('',#265,1.E0);
#267=CARTESIAN_POINT('',(4.04658966E0,3.E0,-1.59025129E1));
#268=LINE('',#267,#266);
#269=CARTESIAN_POINT('',(6.79658966E0,2.E0,-1.59025129E1));
#270=DIRECTION('',(0.E0,-1.E0,0.E0));
#271=DIRECTION('',(-1.E0,0.E0,0.E0));
#272=AXIS2_PLACEMENT_3D('',#269,#270,#271);
#274=DIRECTION('',(0.E0,-1.E0,0.E0));
#275=VECTOR('',#274,1.E0);
#276=CARTESIAN_POINT('',(9.54658966E0,3.E0,5.059752936E1));
#277=LINE('',#276,#275);
#278=CARTESIAN_POINT('',(6.79658966E0,2.E0,5.059752936E1));
#279=DIRECTION('',(0.E0,-1.E0,0.E0));
#280=DIRECTION('',(1.E0,0.E0,0.E0));
#281=AXIS2_PLACEMENT_3D('',#278,#279,#280);
#283=DIRECTION('',(0.E0,-1.E0,0.E0));
#284=VECTOR('',#283,1.E0);
#285=CARTESIAN_POINT('',(4.04658966E0,3.E0,5.059752936E1));
#286=LINE('',#285,#284);
#287=CARTESIAN_POINT('',(6.79658966E0,2.E0,5.059752936E1));
#288=DIRECTION('',(0.E0,-1.E0,0.E0));
#289=DIRECTION('',(-1.E0,0.E0,0.E0));
#290=AXIS2_PLACEMENT_3D('',#287,#288,#289);
#292=DIRECTION('',(0.E0,-1.E0,0.E0));
#293=VECTOR('',#292,1.E0);
#294=CARTESIAN_POINT('',(-5.895345368E1,3.E0,5.059752936E1));
#295=LINE('',#294,#293);
#296=CARTESIAN_POINT('',(-6.170345368E1,2.E0,5.059752936E1));
#297=DIRECTION('',(0.E0,-1.E0,0.E0));
#298=DIRECTION('',(1.E0,0.E0,0.E0));
#299=AXIS2_PLACEMENT_3D('',#296,#297,#298);
#301=DIRECTION('',(0.E0,-1.E0,0.E0));
#302=VECTOR('',#301,1.E0);
#303=CARTESIAN_POINT('',(-6.445345368E1,3.E0,5.059752936E1));
#304=LINE('',#303,#302);
#305=CARTESIAN_POINT('',(-6.170345368E1,2.E0,5.059752936E1));
#306=DIRECTION('',(0.E0,-1.E0,0.E0));
#307=DIRECTION('',(-1.E0,0.E0,0.E0));
#308=AXIS2_PLACEMENT_3D('',#305,#306,#307);
#310=DIRECTION('',(0.E0,1.E0,0.E0));
#311=VECTOR('',#310,3.E0);
#312=CARTESIAN_POINT('',(-2.445343201E1,-1.E0,4.734750823E1));
#313=LINE('',#312,#311);
#314=DIRECTION('',(0.E0,0.E0,-1.E0));
#315=VECTOR('',#314,7.8E1);
#316=CARTESIAN_POINT('',(-6.759628904373E1,-1.E0,5.634750823E1));
#317=LINE('',#316,#315);
#318=DIRECTION('',(-1.E0,0.E0,0.E0));
#319=VECTOR('',#318,8.028571406745E1);
#320=CARTESIAN_POINT('',(1.268942502373E1,-1.E0,5.634750823E1));
#321=LINE('',#320,#319);
#322=DIRECTION('',(0.E0,0.E0,1.E0));
#323=VECTOR('',#322,7.8E1);
#324=CARTESIAN_POINT('',(1.268942502373E1,-1.E0,-2.165249177E1));
#325=LINE('',#324,#323);
#326=DIRECTION('',(1.E0,0.E0,0.E0));
#327=VECTOR('',#326,8.028571406745E1);
#328=CARTESIAN_POINT('',(-6.759628904373E1,-1.E0,-2.165249177E1));
#329=LINE('',#328,#327);
#330=CARTESIAN_POINT('',(-6.170345368E1,-1.E0,5.059752936E1));
#331=DIRECTION('',(0.E0,1.E0,0.E0));
#332=DIRECTION('',(1.E0,0.E0,0.E0));
#333=AXIS2_PLACEMENT_3D('',#330,#331,#332);
#335=CARTESIAN_POINT('',(-6.170345368E1,-1.E0,5.059752936E1));
#336=DIRECTION('',(0.E0,1.E0,0.E0));
#337=DIRECTION('',(-1.E0,0.E0,0.E0));
#338=AXIS2_PLACEMENT_3D('',#335,#336,#337);
#340=CARTESIAN_POINT('',(6.79658966E0,-1.E0,5.059752936E1));
#341=DIRECTION('',(0.E0,1.E0,0.E0));
#342=DIRECTION('',(1.E0,0.E0,0.E0));
#343=AXIS2_PLACEMENT_3D('',#340,#341,#342);
#345=CARTESIAN_POINT('',(6.79658966E0,-1.E0,5.059752936E1));
#346=DIRECTION('',(0.E0,1.E0,0.E0));
#347=DIRECTION('',(-1.E0,0.E0,0.E0));
#348=AXIS2_PLACEMENT_3D('',#345,#346,#347);
#350=CARTESIAN_POINT('',(-6.170345368E1,-1.E0,-1.59025129E1));
#351=DIRECTION('',(0.E0,1.E0,0.E0));
#352=DIRECTION('',(1.E0,0.E0,0.E0));
#353=AXIS2_PLACEMENT_3D('',#350,#351,#352);
#355=CARTESIAN_POINT('',(-6.170345368E1,-1.E0,-1.59025129E1));
#356=DIRECTION('',(0.E0,1.E0,0.E0));
#357=DIRECTION('',(-1.E0,0.E0,0.E0));
#358=AXIS2_PLACEMENT_3D('',#355,#356,#357);
#360=CARTESIAN_POINT('',(6.79658966E0,-1.E0,-1.59025129E1));
#361=DIRECTION('',(0.E0,1.E0,0.E0));
#362=DIRECTION('',(1.E0,0.E0,0.E0));
#363=AXIS2_PLACEMENT_3D('',#360,#361,#362);
#365=CARTESIAN_POINT('',(6.79658966E0,-1.E0,-1.59025129E1));
#366=DIRECTION('',(0.E0,1.E0,0.E0));
#367=DIRECTION('',(-1.E0,0.E0,0.E0));
#368=AXIS2_PLACEMENT_3D('',#365,#366,#367);
#370=CARTESIAN_POINT('',(-2.745343201E1,-1.E0,4.734750823E1));
#371=DIRECTION('',(0.E0,-1.E0,0.E0));
#372=DIRECTION('',(1.E0,0.E0,0.E0));
#373=AXIS2_PLACEMENT_3D('',#370,#371,#372);
#375=CARTESIAN_POINT('',(-2.745343201E1,-1.E0,4.734750823E1));
#376=DIRECTION('',(0.E0,-1.E0,0.E0));
#377=DIRECTION('',(-1.E0,0.E0,0.E0));
#378=AXIS2_PLACEMENT_3D('',#375,#376,#377);
#380=CARTESIAN_POINT('',(-2.745343201E1,-1.E0,-1.265249177E1));
#381=DIRECTION('',(0.E0,-1.E0,0.E0));
#382=DIRECTION('',(1.E0,0.E0,0.E0));
#383=AXIS2_PLACEMENT_3D('',#380,#381,#382);
#385=CARTESIAN_POINT('',(-2.745343201E1,-1.E0,-1.265249177E1));
#386=DIRECTION('',(0.E0,-1.E0,0.E0));
#387=DIRECTION('',(-1.E0,0.E0,0.E0));
#388=AXIS2_PLACEMENT_3D('',#385,#386,#387);
#390=DIRECTION('',(0.E0,0.E0,-1.E0));
#391=VECTOR('',#390,9.323228572479E0);
#392=CARTESIAN_POINT('',(-6.450567347376E1,-1.E0,4.397092957990E1));
#393=LINE('',#392,#391);
#394=DIRECTION('',(1.E0,0.E0,0.E0));
#395=VECTOR('',#394,9.186665214635E0);
#396=CARTESIAN_POINT('',(-6.450567347376E1,-1.E0,3.464770100742E1));
#397=LINE('',#396,#395);
#398=DIRECTION('',(0.E0,0.E0,1.E0));
#399=VECTOR('',#398,9.323228572479E0);
#400=CARTESIAN_POINT('',(-5.531900825913E1,-1.E0,3.464770100742E1));
#401=LINE('',#400,#399);
#402=DIRECTION('',(-1.E0,0.E0,0.E0));
#403=VECTOR('',#402,9.186665214635E0);
#404=CARTESIAN_POINT('',(-5.531900825913E1,-1.E0,4.397092957990E1));
#405=LINE('',#404,#403);
#406=CARTESIAN_POINT('',(-1.006819557352E1,-1.E0,-9.261820487838E0));
#407=DIRECTION('',(0.E0,-1.E0,0.E0));
#408=DIRECTION('',(4.872629843543E-1,0.E0,8.732552800173E-1));
#409=AXIS2_PLACEMENT_3D('',#406,#407,#408);
#411=DIRECTION('',(0.E0,0.E0,-1.E0));
#412=VECTOR('',#411,5.407072848380E1);
#413=CARTESIAN_POINT('',(1.168942502373E1,-1.E0,4.531739514E1));
#414=LINE('',#413,#412);
#415=DIRECTION('',(0.E0,0.E0,-1.E0));
#416=VECTOR('',#415,4.748494155565E1);
#417=CARTESIAN_POINT('',(-1.044749070950E1,-1.E0,4.381739514E1));
#418=LINE('',#417,#416);
#419=CARTESIAN_POINT('',(-1.124749070950E1,-1.E0,-3.667546415655E0));
#420=DIRECTION('',(0.E0,-1.E0,0.E0));
#421=DIRECTION('',(-5.608126213202E-1,0.E0,-8.279427539196E-1));
#422=AXIS2_PLACEMENT_3D('',#419,#420,#421);
#424=DIRECTION('',(0.E0,1.E0,0.E0));
#425=VECTOR('',#424,1.5E1);
#426=CARTESIAN_POINT('',(-6.759628904373E1,-1.E0,5.634750823E1));
#427=LINE('',#426,#425);
#428=DIRECTION('',(0.E0,1.E0,0.E0));
#429=VECTOR('',#428,1.5E1);
#430=CARTESIAN_POINT('',(-6.759628904373E1,-1.E0,-2.165249177E1));
#431=LINE('',#430,#429);
#432=CARTESIAN_POINT('',(-5.553802490229E1,4.75E0,-2.165249177E1));
#433=DIRECTION('',(0.E0,0.E0,-1.E0));
#434=DIRECTION('',(1.E0,0.E0,0.E0));
#435=AXIS2_PLACEMENT_3D('',#432,#433,#434);
#437=CARTESIAN_POINT('',(-5.553802490229E1,4.75E0,-2.165249177E1));
#438=DIRECTION('',(0.E0,0.E0,-1.E0));
#439=DIRECTION('',(-1.E0,0.E0,0.E0));
#440=AXIS2_PLACEMENT_3D('',#437,#438,#439);
#442=CARTESIAN_POINT('',(-4.833802490229E1,4.75E0,-2.165249177E1));
#443=DIRECTION('',(0.E0,0.E0,-1.E0));
#444=DIRECTION('',(1.E0,0.E0,0.E0));
#445=AXIS2_PLACEMENT_3D('',#442,#443,#444);
#447=CARTESIAN_POINT('',(-4.833802490229E1,4.75E0,-2.165249177E1));
#448=DIRECTION('',(0.E0,0.E0,-1.E0));
#449=DIRECTION('',(-1.E0,0.E0,0.E0));
#450=AXIS2_PLACEMENT_3D('',#447,#448,#449);
#452=CARTESIAN_POINT('',(-4.113802490229E1,4.75E0,-2.165249177E1));
#453=DIRECTION('',(0.E0,0.E0,-1.E0));
#454=DIRECTION('',(1.E0,0.E0,0.E0));
#455=AXIS2_PLACEMENT_3D('',#452,#453,#454);
#457=CARTESIAN_POINT('',(-4.113802490229E1,4.75E0,-2.165249177E1));
#458=DIRECTION('',(0.E0,0.E0,-1.E0));
#459=DIRECTION('',(-1.E0,0.E0,0.E0));
#460=AXIS2_PLACEMENT_3D('',#457,#458,#459);
#462=DIRECTION('',(1.E0,0.E0,0.E0));
#463=VECTOR('',#462,7.2E0);
#464=CARTESIAN_POINT('',(-1.927222839728E1,7.729950056529E0,-2.165249177E1));
#465=LINE('',#464,#463);
#466=DIRECTION('',(0.E0,-1.E0,0.E0));
#467=VECTOR('',#466,1.781364161850E0);
#468=CARTESIAN_POINT('',(-1.067222839728E1,6.329950056529E0,-2.165249177E1));
#469=LINE('',#468,#467);
#470=DIRECTION('',(-1.E0,0.E0,0.E0));
#471=VECTOR('',#470,7.2E0);
#472=CARTESIAN_POINT('',(-1.207222839728E1,3.148585894679E0,-2.165249177E1));
#473=LINE('',#472,#471);
#474=DIRECTION('',(0.E0,1.E0,0.E0));
#475=VECTOR('',#474,1.781364161850E0);
#476=CARTESIAN_POINT('',(-2.067222839728E1,4.548585894679E0,-2.165249177E1));
#477=LINE('',#476,#475);
#478=DIRECTION('',(0.E0,1.E0,0.E0));
#479=VECTOR('',#478,1.5E1);
#480=CARTESIAN_POINT('',(1.268942502373E1,-1.E0,-2.165249177E1));
#481=LINE('',#480,#479);
#482=DIRECTION('',(0.E0,1.E0,0.E0));
#483=VECTOR('',#482,1.5E1);
#484=CARTESIAN_POINT('',(1.268942502373E1,-1.E0,5.634750823E1));
#485=LINE('',#484,#483);
#486=DIRECTION('',(0.E0,0.E0,-1.E0));
#487=VECTOR('',#486,7.8E1);
#488=CARTESIAN_POINT('',(-6.759628904373E1,1.4E1,5.634750823E1));
#489=LINE('',#488,#487);
#490=DIRECTION('',(1.E0,0.E0,0.E0));
#491=VECTOR('',#490,8.028571406745E1);
#492=CARTESIAN_POINT('',(-6.759628904373E1,1.4E1,-2.165249177E1));
#493=LINE('',#492,#491);
#494=DIRECTION('',(0.E0,0.E0,1.E0));
#495=VECTOR('',#494,7.8E1);
#496=CARTESIAN_POINT('',(1.268942502373E1,1.4E1,-2.165249177E1));
#497=LINE('',#496,#495);
#498=DIRECTION('',(-1.E0,0.E0,0.E0));
#499=VECTOR('',#498,8.028571406745E1);
#500=CARTESIAN_POINT('',(1.268942502373E1,1.4E1,5.634750823E1));
#501=LINE('',#500,#499);
#502=DIRECTION('',(1.E0,0.E0,0.E0));
#503=VECTOR('',#502,7.828571406745E1);
#504=CARTESIAN_POINT('',(-6.659628904373E1,1.4E1,5.534750823E1));
#505=LINE('',#504,#503);
#506=DIRECTION('',(0.E0,0.E0,-1.E0));
#507=VECTOR('',#506,7.6E1);
#508=CARTESIAN_POINT('',(1.168942502373E1,1.4E1,5.534750823E1));
#509=LINE('',#508,#507);
#510=DIRECTION('',(-1.E0,0.E0,0.E0));
#511=VECTOR('',#510,7.828571406745E1);
#512=CARTESIAN_POINT('',(1.168942502373E1,1.4E1,-2.065249177E1));
#513=LINE('',#512,#511);
#514=DIRECTION('',(0.E0,0.E0,1.E0));
#515=VECTOR('',#514,7.6E1);
#516=CARTESIAN_POINT('',(-6.659628904373E1,1.4E1,-2.065249177E1));
#517=LINE('',#516,#515);
#518=DIRECTION('',(0.E0,1.E0,0.E0));
#519=VECTOR('',#518,1.2E1);
#520=CARTESIAN_POINT('',(-6.659628904373E1,2.E0,5.534750823E1));
#521=LINE('',#520,#519);
#522=DIRECTION('',(0.E0,1.E0,0.E0));
#523=VECTOR('',#522,1.2E1);
#524=CARTESIAN_POINT('',(-6.659628904373E1,2.E0,-2.065249177E1));
#525=LINE('',#524,#523);
#526=DIRECTION('',(0.E0,1.E0,0.E0));
#527=VECTOR('',#526,1.2E1);
#528=CARTESIAN_POINT('',(1.168942502373E1,2.E0,-2.065249177E1));
#529=LINE('',#528,#527);
#530=CARTESIAN_POINT('',(-5.553802490229E1,4.75E0,-2.065249177E1));
#531=DIRECTION('',(0.E0,0.E0,-1.E0));
#532=DIRECTION('',(1.E0,0.E0,0.E0));
#533=AXIS2_PLACEMENT_3D('',#530,#531,#532);
#535=CARTESIAN_POINT('',(-5.553802490229E1,4.75E0,-2.065249177E1));
#536=DIRECTION('',(0.E0,0.E0,-1.E0));
#537=DIRECTION('',(-1.E0,0.E0,0.E0));
#538=AXIS2_PLACEMENT_3D('',#535,#536,#537);
#540=CARTESIAN_POINT('',(-4.833802490229E1,4.75E0,-2.065249177E1));
#541=DIRECTION('',(0.E0,0.E0,-1.E0));
#542=DIRECTION('',(1.E0,0.E0,0.E0));
#543=AXIS2_PLACEMENT_3D('',#540,#541,#542);
#545=CARTESIAN_POINT('',(-4.833802490229E1,4.75E0,-2.065249177E1));
#546=DIRECTION('',(0.E0,0.E0,-1.E0));
#547=DIRECTION('',(-1.E0,0.E0,0.E0));
#548=AXIS2_PLACEMENT_3D('',#545,#546,#547);
#550=CARTESIAN_POINT('',(-4.113802490229E1,4.75E0,-2.065249177E1));
#551=DIRECTION('',(0.E0,0.E0,-1.E0));
#552=DIRECTION('',(1.E0,0.E0,0.E0));
#553=AXIS2_PLACEMENT_3D('',#550,#551,#552);
#555=CARTESIAN_POINT('',(-4.113802490229E1,4.75E0,-2.065249177E1));
#556=DIRECTION('',(0.E0,0.E0,-1.E0));
#557=DIRECTION('',(-1.E0,0.E0,0.E0));
#558=AXIS2_PLACEMENT_3D('',#555,#556,#557);
#560=DIRECTION('',(0.E0,-1.E0,0.E0));
#561=VECTOR('',#560,1.781364161850E0);
#562=CARTESIAN_POINT('',(-1.067222839728E1,6.329950056529E0,-2.065249177E1));
#563=LINE('',#562,#561);
#564=DIRECTION('',(1.E0,0.E0,0.E0));
#565=VECTOR('',#564,7.2E0);
#566=CARTESIAN_POINT('',(-1.927222839728E1,7.729950056529E0,-2.065249177E1));
#567=LINE('',#566,#565);
#568=DIRECTION('',(0.E0,1.E0,0.E0));
#569=VECTOR('',#568,1.781364161850E0);
#570=CARTESIAN_POINT('',(-2.067222839728E1,4.548585894679E0,-2.065249177E1));
#571=LINE('',#570,#569);
#572=DIRECTION('',(-1.E0,0.E0,0.E0));
#573=VECTOR('',#572,7.2E0);
#574=CARTESIAN_POINT('',(-1.207222839728E1,3.148585894679E0,-2.065249177E1));
#575=LINE('',#574,#573);
#576=DIRECTION('',(0.E0,1.E0,0.E0));
#577=VECTOR('',#576,1.2E1);
#578=CARTESIAN_POINT('',(1.168942502373E1,2.E0,5.534750823E1));
#579=LINE('',#578,#577);
#580=DIRECTION('',(1.E0,0.E0,0.E0));
#581=VECTOR('',#580,2.063691573323E1);
#582=CARTESIAN_POINT('',(-8.947490709502E0,2.E0,-8.753333343798E0));
#583=LINE('',#582,#581);
#584=DIRECTION('',(0.E0,-1.E0,0.E0));
#585=VECTOR('',#584,3.E0);
#586=CARTESIAN_POINT('',(1.168942502373E1,2.E0,-8.753333343798E0));
#587=LINE('',#586,#585);
#588=DIRECTION('',(-1.E0,0.E0,0.E0));
#589=VECTOR('',#588,2.063691573323E1);
#590=CARTESIAN_POINT('',(1.168942502373E1,-1.E0,-8.753333343798E0));
#591=LINE('',#590,#589);
#592=DIRECTION('',(0.E0,1.E0,0.E0));
#593=VECTOR('',#592,3.E0);
#594=CARTESIAN_POINT('',(-8.947490709502E0,-1.E0,-8.753333343798E0));
#595=LINE('',#594,#593);
#596=DIRECTION('',(0.E0,-1.E0,0.E0));
#597=VECTOR('',#596,3.E0);
#598=CARTESIAN_POINT('',(-9.678385186034E0,2.E0,-8.563216263824E0));
#599=LINE('',#598,#597);
#600=CARTESIAN_POINT('',(-8.947490709502E0,2.E0,-7.253333343798E0));
#601=DIRECTION('',(0.E0,-1.E0,0.E0));
#602=DIRECTION('',(-4.872629843545E-1,0.E0,-8.732552800172E-1));
#603=AXIS2_PLACEMENT_3D('',#600,#601,#602);
#605=CARTESIAN_POINT('',(-8.947490709502E0,-1.E0,-7.253333343798E0));
#606=DIRECTION('',(0.E0,1.E0,0.E0));
#607=DIRECTION('',(0.E0,0.E0,-1.E0));
#608=AXIS2_PLACEMENT_3D('',#605,#606,#607);
#610=DIRECTION('',(0.E0,-1.E0,0.E0));
#611=VECTOR('',#610,3.E0);
#612=CARTESIAN_POINT('',(-1.074603994003E1,2.E0,-8.836935780201E0));
#613=LINE('',#612,#611);
#614=CARTESIAN_POINT('',(-1.355597284767E1,-1.E0,-7.075620674670E0));
#615=DIRECTION('',(0.E0,1.E0,0.E0));
#616=DIRECTION('',(8.473054581440E-1,0.E0,-5.311058845460E-1));
#617=AXIS2_PLACEMENT_3D('',#614,#615,#616);
#619=DIRECTION('',(0.E0,1.E0,0.E0));
#620=VECTOR('',#619,3.E0);
#621=CARTESIAN_POINT('',(-1.169614080656E1,-1.E0,-4.329900618791E0));
#622=LINE('',#621,#620);
#623=CARTESIAN_POINT('',(-1.355597284767E1,2.E0,-7.075620674670E0));
#624=DIRECTION('',(0.E0,-1.E0,0.E0));
#625=DIRECTION('',(5.608126213202E-1,0.E0,8.279427539196E-1));
#626=AXIS2_PLACEMENT_3D('',#623,#624,#625);
#628=DIRECTION('',(0.E0,1.E0,0.E0));
#629=VECTOR('',#628,3.E0);
#630=CARTESIAN_POINT('',(-1.044749070950E1,-1.E0,-3.667546415655E0));
#631=LINE('',#630,#629);
#632=DIRECTION('',(0.E0,1.E0,0.E0));
#633=VECTOR('',#632,3.E0);
#634=CARTESIAN_POINT('',(-1.044749070950E1,-1.E0,4.381739514E1));
#635=LINE('',#634,#633);
#636=CARTESIAN_POINT('',(-8.947490709502E0,-1.E0,4.381739514E1));
#637=DIRECTION('',(0.E0,1.E0,0.E0));
#638=DIRECTION('',(-1.E0,0.E0,0.E0));
#639=AXIS2_PLACEMENT_3D('',#636,#637,#638);
#641=CARTESIAN_POINT('',(-8.947490709502E0,2.E0,4.381739514E1));
#642=DIRECTION('',(0.E0,-1.E0,0.E0));
#643=DIRECTION('',(0.E0,0.E0,1.E0));
#644=AXIS2_PLACEMENT_3D('',#641,#642,#643);
#646=DIRECTION('',(1.E0,0.E0,0.E0));
#647=VECTOR('',#646,2.063691573323E1);
#648=CARTESIAN_POINT('',(-8.947490709502E0,-1.E0,4.531739514E1));
#649=LINE('',#648,#647);
#650=DIRECTION('',(0.E0,-1.E0,0.E0));
#651=VECTOR('',#650,3.E0);
#652=CARTESIAN_POINT('',(1.168942502373E1,2.E0,4.531739514E1));
#653=LINE('',#652,#651);
#654=DIRECTION('',(-1.E0,0.E0,0.E0));
#655=VECTOR('',#654,2.063691573323E1);
#656=CARTESIAN_POINT('',(1.168942502373E1,2.E0,4.531739514E1));
#657=LINE('',#656,#655);
#658=DIRECTION('',(0.E0,1.E0,0.E0));
#659=VECTOR('',#658,3.E0);
#660=CARTESIAN_POINT('',(-8.947490709502E0,-1.E0,4.531739514E1));
#661=LINE('',#660,#659);
#662=DIRECTION('',(0.E0,0.E0,1.E0));
#663=VECTOR('',#662,1.E0);
#664=CARTESIAN_POINT('',(-5.405963016453E1,4.75E0,-2.165249177E1));
#665=LINE('',#664,#663);
#666=DIRECTION('',(0.E0,0.E0,1.E0));
#667=VECTOR('',#666,1.E0);
#668=CARTESIAN_POINT('',(-5.701641964005E1,4.75E0,-2.165249177E1));
#669=LINE('',#668,#667);
#670=DIRECTION('',(0.E0,0.E0,1.E0));
#671=VECTOR('',#670,1.E0);
#672=CARTESIAN_POINT('',(-4.685963016453E1,4.75E0,-2.165249177E1));
#673=LINE('',#672,#671);
#674=DIRECTION('',(0.E0,0.E0,1.E0));
#675=VECTOR('',#674,1.E0);
#676=CARTESIAN_POINT('',(-4.981641964005E1,4.75E0,-2.165249177E1));
#677=LINE('',#676,#675);
#678=DIRECTION('',(0.E0,0.E0,1.E0));
#679=VECTOR('',#678,1.E0);
#680=CARTESIAN_POINT('',(-3.965963016453E1,4.75E0,-2.165249177E1));
#681=LINE('',#680,#679);
#682=DIRECTION('',(0.E0,0.E0,1.E0));
#683=VECTOR('',#682,1.E0);
#684=CARTESIAN_POINT('',(-4.261641964005E1,4.75E0,-2.165249177E1));
#685=LINE('',#684,#683);
#686=DIRECTION('',(0.E0,0.E0,1.E0));
#687=VECTOR('',#686,1.E0);
#688=CARTESIAN_POINT('',(-1.067222839728E1,6.329950056529E0,-2.165249177E1));
#689=LINE('',#688,#687);
#690=DIRECTION('',(0.E0,0.E0,1.E0));
#691=VECTOR('',#690,1.E0);
#692=CARTESIAN_POINT('',(-1.067222839728E1,4.548585894679E0,-2.165249177E1));
#693=LINE('',#692,#691);
#694=CARTESIAN_POINT('',(-1.207222839728E1,6.329950056529E0,-2.165249177E1));
#695=DIRECTION('',(0.E0,0.E0,1.E0));
#696=DIRECTION('',(1.E0,0.E0,0.E0));
#697=AXIS2_PLACEMENT_3D('',#694,#695,#696);
#699=CARTESIAN_POINT('',(-1.207222839728E1,6.329950056529E0,-2.065249177E1));
#700=DIRECTION('',(0.E0,0.E0,-1.E0));
#701=DIRECTION('',(0.E0,1.E0,0.E0));
#702=AXIS2_PLACEMENT_3D('',#699,#700,#701);
#704=DIRECTION('',(0.E0,0.E0,1.E0));
#705=VECTOR('',#704,1.E0);
#706=CARTESIAN_POINT('',(-1.927222839728E1,7.729950056529E0,-2.165249177E1));
#707=LINE('',#706,#705);
#708=DIRECTION('',(0.E0,0.E0,1.E0));
#709=VECTOR('',#708,1.E0);
#710=CARTESIAN_POINT('',(-1.207222839728E1,7.729950056529E0,-2.165249177E1));
#711=LINE('',#710,#709);
#712=CARTESIAN_POINT('',(-1.927222839728E1,6.329950056529E0,-2.165249177E1));
#713=DIRECTION('',(0.E0,0.E0,1.E0));
#714=DIRECTION('',(0.E0,1.E0,0.E0));
#715=AXIS2_PLACEMENT_3D('',#712,#713,#714);
#717=CARTESIAN_POINT('',(-1.927222839728E1,6.329950056529E0,-2.065249177E1));
#718=DIRECTION('',(0.E0,0.E0,-1.E0));
#719=DIRECTION('',(-1.E0,0.E0,0.E0));
#720=AXIS2_PLACEMENT_3D('',#717,#718,#719);
#722=DIRECTION('',(0.E0,0.E0,1.E0));
#723=VECTOR('',#722,1.E0);
#724=CARTESIAN_POINT('',(-2.067222839728E1,6.329950056529E0,-2.165249177E1));
#725=LINE('',#724,#723);
#726=DIRECTION('',(0.E0,0.E0,1.E0));
#727=VECTOR('',#726,1.E0);
#728=CARTESIAN_POINT('',(-2.067222839728E1,4.548585894679E0,-2.165249177E1));
#729=LINE('',#728,#727);
#730=CARTESIAN_POINT('',(-1.927222839728E1,4.548585894679E0,-2.165249177E1));
#731=DIRECTION('',(0.E0,0.E0,1.E0));
#732=DIRECTION('',(-1.E0,0.E0,0.E0));
#733=AXIS2_PLACEMENT_3D('',#730,#731,#732);
#735=CARTESIAN_POINT('',(-1.927222839728E1,4.548585894679E0,-2.065249177E1));
#736=DIRECTION('',(0.E0,0.E0,-1.E0));
#737=DIRECTION('',(0.E0,-1.E0,0.E0));
#738=AXIS2_PLACEMENT_3D('',#735,#736,#737);
#740=DIRECTION('',(0.E0,0.E0,1.E0));
#741=VECTOR('',#740,1.E0);
#742=CARTESIAN_POINT('',(-1.207222839728E1,3.148585894679E0,-2.165249177E1));
#743=LINE('',#742,#741);
#744=DIRECTION('',(0.E0,0.E0,1.E0));
#745=VECTOR('',#744,1.E0);
#746=CARTESIAN_POINT('',(-1.927222839728E1,3.148585894679E0,-2.165249177E1));
#747=LINE('',#746,#745);
#748=CARTESIAN_POINT('',(-1.207222839728E1,4.548585894679E0,-2.165249177E1));
#749=DIRECTION('',(0.E0,0.E0,1.E0));
#750=DIRECTION('',(0.E0,-1.E0,0.E0));
#751=AXIS2_PLACEMENT_3D('',#748,#749,#750);
#753=CARTESIAN_POINT('',(-1.207222839728E1,4.548585894679E0,-2.065249177E1));
#754=DIRECTION('',(0.E0,0.E0,-1.E0));
#755=DIRECTION('',(1.E0,0.E0,0.E0));
#756=AXIS2_PLACEMENT_3D('',#753,#754,#755);
#758=DIRECTION('',(0.E0,-1.E0,0.E0));
#759=VECTOR('',#758,4.E0);
#760=CARTESIAN_POINT('',(-6.010345368E1,3.E0,5.059752936E1));
#761=LINE('',#760,#759);
#762=DIRECTION('',(0.E0,-1.E0,0.E0));
#763=VECTOR('',#762,4.E0);
#764=CARTESIAN_POINT('',(-6.330345368E1,3.E0,5.059752936E1));
#765=LINE('',#764,#763);
#766=DIRECTION('',(0.E0,-1.E0,0.E0));
#767=VECTOR('',#766,4.E0);
#768=CARTESIAN_POINT('',(8.39658966E0,3.E0,5.059752936E1));
#769=LINE('',#768,#767);
#770=DIRECTION('',(0.E0,-1.E0,0.E0));
#771=VECTOR('',#770,4.E0);
#772=CARTESIAN_POINT('',(5.19658966E0,3.E0,5.059752936E1));
#773=LINE('',#772,#771);
#774=DIRECTION('',(0.E0,-1.E0,0.E0));
#775=VECTOR('',#774,4.E0);
#776=CARTESIAN_POINT('',(-6.010345368E1,3.E0,-1.59025129E1));
#777=LINE('',#776,#775);
#778=DIRECTION('',(0.E0,-1.E0,0.E0));
#779=VECTOR('',#778,4.E0);
#780=CARTESIAN_POINT('',(-6.330345368E1,3.E0,-1.59025129E1));
#781=LINE('',#780,#779);
#782=DIRECTION('',(0.E0,-1.E0,0.E0));
#783=VECTOR('',#782,4.E0);
#784=CARTESIAN_POINT('',(8.39658966E0,3.E0,-1.59025129E1));
#785=LINE('',#784,#783);
#786=DIRECTION('',(0.E0,-1.E0,0.E0));
#787=VECTOR('',#786,4.E0);
#788=CARTESIAN_POINT('',(5.19658966E0,3.E0,-1.59025129E1));
#789=LINE('',#788,#787);
#790=DIRECTION('',(0.E0,1.E0,0.E0));
#791=VECTOR('',#790,3.E0);
#792=CARTESIAN_POINT('',(-3.045343201E1,-1.E0,4.734750823E1));
#793=LINE('',#792,#791);
#794=DIRECTION('',(0.E0,1.E0,0.E0));
#795=VECTOR('',#794,3.E0);
#796=CARTESIAN_POINT('',(-2.445343201E1,-1.E0,-1.265249177E1));
#797=LINE('',#796,#795);
#798=DIRECTION('',(0.E0,1.E0,0.E0));
#799=VECTOR('',#798,3.E0);
#800=CARTESIAN_POINT('',(-3.045343201E1,-1.E0,-1.265249177E1));
#801=LINE('',#800,#799);
#802=DIRECTION('',(0.E0,1.E0,0.E0));
#803=VECTOR('',#802,3.E0);
#804=CARTESIAN_POINT('',(-6.450567347376E1,-1.E0,4.397092957990E1));
#805=LINE('',#804,#803);
#806=DIRECTION('',(0.E0,1.E0,0.E0));
#807=VECTOR('',#806,3.E0);
#808=CARTESIAN_POINT('',(-5.531900825913E1,-1.E0,4.397092957990E1));
#809=LINE('',#808,#807);
#810=DIRECTION('',(0.E0,1.E0,0.E0));
#811=VECTOR('',#810,3.E0);
#812=CARTESIAN_POINT('',(-5.531900825913E1,-1.E0,3.464770100742E1));
#813=LINE('',#812,#811);
#814=DIRECTION('',(0.E0,1.E0,0.E0));
#815=VECTOR('',#814,3.E0);
#816=CARTESIAN_POINT('',(-6.450567347376E1,-1.E0,3.464770100742E1));
#817=LINE('',#816,#815);
#818=DIRECTION('',(0.E0,1.E0,0.E0));
#819=VECTOR('',#818,1.5E0);
#820=CARTESIAN_POINT('',(-4.339628904373E1,2.E0,4.634750823E1));
#821=LINE('',#820,#819);
#822=DIRECTION('',(0.E0,1.E0,0.E0));
#823=VECTOR('',#822,1.5E0);
#824=CARTESIAN_POINT('',(-5.059628904373E1,2.E0,4.634750823E1));
#825=LINE('',#824,#823);
#826=DIRECTION('',(0.E0,1.E0,0.E0));
#827=VECTOR('',#826,1.5E0);
#828=CARTESIAN_POINT('',(-5.059628904373E1,2.E0,3.414750823E1));
#829=LINE('',#828,#827);
#830=DIRECTION('',(0.E0,1.E0,0.E0));
#831=VECTOR('',#830,1.5E0);
#832=CARTESIAN_POINT('',(-4.339628904373E1,2.E0,3.414750823E1));
#833=LINE('',#832,#831);
#834=DIRECTION('',(0.E0,0.E0,-1.E0));
#835=VECTOR('',#834,1.22E1);
#836=CARTESIAN_POINT('',(-4.339628904373E1,3.5E0,4.634750823E1));
#837=LINE('',#836,#835);
#838=DIRECTION('',(1.E0,0.E0,0.E0));
#839=VECTOR('',#838,7.2E0);
#840=CARTESIAN_POINT('',(-5.059628904373E1,3.5E0,4.634750823E1));
#841=LINE('',#840,#839);
#842=DIRECTION('',(0.E0,0.E0,1.E0));
#843=VECTOR('',#842,1.22E1);
#844=CARTESIAN_POINT('',(-5.059628904373E1,3.5E0,3.414750823E1));
#845=LINE('',#844,#843);
#846=DIRECTION('',(-1.E0,0.E0,0.E0));
#847=VECTOR('',#846,7.2E0);
#848=CARTESIAN_POINT('',(-4.339628904373E1,3.5E0,3.414750823E1));
#849=LINE('',#848,#847);
#850=DIRECTION('',(-1.E0,0.E0,0.E0));
#851=VECTOR('',#850,5.2E0);
#852=CARTESIAN_POINT('',(-4.439628904373E1,3.5E0,4.534750823E1));
#853=LINE('',#852,#851);
#854=DIRECTION('',(0.E0,0.E0,1.E0));
#855=VECTOR('',#854,1.02E1);
#856=CARTESIAN_POINT('',(-4.439628904373E1,3.5E0,3.514750823E1));
#857=LINE('',#856,#855);
#858=DIRECTION('',(1.E0,0.E0,0.E0));
#859=VECTOR('',#858,5.2E0);
#860=CARTESIAN_POINT('',(-4.959628904373E1,3.5E0,3.514750823E1));
#861=LINE('',#860,#859);
#862=DIRECTION('',(0.E0,0.E0,-1.E0));
#863=VECTOR('',#862,1.02E1);
#864=CARTESIAN_POINT('',(-4.959628904373E1,3.5E0,4.534750823E1));
#865=LINE('',#864,#863);
#866=DIRECTION('',(-1.E0,0.E0,0.E0));
#867=VECTOR('',#866,7.2E0);
#868=CARTESIAN_POINT('',(-4.339628904373E1,3.5E0,-1.165249177E1));
#869=LINE('',#868,#867);
#870=DIRECTION('',(0.E0,0.E0,-1.E0));
#871=VECTOR('',#870,1.22E1);
#872=CARTESIAN_POINT('',(-4.339628904373E1,3.5E0,5.4750823E-1));
#873=LINE('',#872,#871);
#874=DIRECTION('',(1.E0,0.E0,0.E0));
#875=VECTOR('',#874,7.2E0);
#876=CARTESIAN_POINT('',(-5.059628904373E1,3.5E0,5.4750823E-1));
#877=LINE('',#876,#875);
#878=DIRECTION('',(0.E0,0.E0,1.E0));
#879=VECTOR('',#878,1.22E1);
#880=CARTESIAN_POINT('',(-5.059628904373E1,3.5E0,-1.165249177E1));
#881=LINE('',#880,#879);
#882=DIRECTION('',(0.E0,0.E0,1.E0));
#883=VECTOR('',#882,1.02E1);
#884=CARTESIAN_POINT('',(-4.439628904373E1,3.5E0,-1.065249177E1));
#885=LINE('',#884,#883);
#886=DIRECTION('',(1.E0,0.E0,0.E0));
#887=VECTOR('',#886,5.2E0);
#888=CARTESIAN_POINT('',(-4.959628904373E1,3.5E0,-1.065249177E1));
#889=LINE('',#888,#887);
#890=DIRECTION('',(0.E0,0.E0,-1.E0));
#891=VECTOR('',#890,1.02E1);
#892=CARTESIAN_POINT('',(-4.959628904373E1,3.5E0,-4.5249177E-1));
#893=LINE('',#892,#891);
#894=DIRECTION('',(-1.E0,0.E0,0.E0));
#895=VECTOR('',#894,5.2E0);
#896=CARTESIAN_POINT('',(-4.439628904373E1,3.5E0,-4.5249177E-1));
#897=LINE('',#896,#895);
#898=DIRECTION('',(0.E0,0.E0,-1.E0));
#899=VECTOR('',#898,1.164340453724E1);
#900=CARTESIAN_POINT('',(-1.333483385606E1,3.5E0,2.316921049862E1));
#901=LINE('',#900,#899);
#902=DIRECTION('',(1.E0,0.E0,0.E0));
#903=VECTOR('',#902,7.2E0);
#904=CARTESIAN_POINT('',(-2.053483385606E1,3.5E0,2.316921049862E1));
#905=LINE('',#904,#903);
#906=DIRECTION('',(0.E0,0.E0,1.E0));
#907=VECTOR('',#906,1.164340453724E1);
#908=CARTESIAN_POINT('',(-2.053483385606E1,3.5E0,1.152580596138E1));
#909=LINE('',#908,#907);
#910=DIRECTION('',(-1.E0,0.E0,0.E0));
#911=VECTOR('',#910,7.2E0);
#912=CARTESIAN_POINT('',(-1.333483385606E1,3.5E0,1.152580596138E1));
#913=LINE('',#912,#911);
#914=DIRECTION('',(-1.E0,0.E0,0.E0));
#915=VECTOR('',#914,5.2E0);
#916=CARTESIAN_POINT('',(-1.433483385606E1,3.5E0,2.216921049862E1));
#917=LINE('',#916,#915);
#918=DIRECTION('',(0.E0,0.E0,1.E0));
#919=VECTOR('',#918,9.643404537243E0);
#920=CARTESIAN_POINT('',(-1.433483385606E1,3.5E0,1.252580596138E1));
#921=LINE('',#920,#919);
#922=DIRECTION('',(1.E0,0.E0,0.E0));
#923=VECTOR('',#922,5.2E0);
#924=CARTESIAN_POINT('',(-1.953483385606E1,3.5E0,1.252580596138E1));
#925=LINE('',#924,#923);
#926=DIRECTION('',(0.E0,0.E0,-1.E0));
#927=VECTOR('',#926,9.643404537243E0);
#928=CARTESIAN_POINT('',(-1.953483385606E1,3.5E0,2.216921049862E1));
#929=LINE('',#928,#927);
#930=DIRECTION('',(0.E0,-1.E0,0.E0));
#931=VECTOR('',#930,3.E0);
#932=CARTESIAN_POINT('',(-4.959628904373E1,3.5E0,4.534750823E1));
#933=LINE('',#932,#931);
#934=DIRECTION('',(0.E0,1.E0,0.E0));
#935=VECTOR('',#934,3.E0);
#936=CARTESIAN_POINT('',(-4.439628904373E1,5.E-1,4.534750823E1));
#937=LINE('',#936,#935);
#938=DIRECTION('',(0.E0,-1.E0,0.E0));
#939=VECTOR('',#938,3.E0);
#940=CARTESIAN_POINT('',(-4.959628904373E1,3.5E0,3.514750823E1));
#941=LINE('',#940,#939);
#942=DIRECTION('',(0.E0,-1.E0,0.E0));
#943=VECTOR('',#942,3.E0);
#944=CARTESIAN_POINT('',(-4.439628904373E1,3.5E0,3.514750823E1));
#945=LINE('',#944,#943);
#946=DIRECTION('',(0.E0,0.E0,-1.E0));
#947=VECTOR('',#946,1.02E1);
#948=CARTESIAN_POINT('',(-4.439628904373E1,5.E-1,4.534750823E1));
#949=LINE('',#948,#947);
#950=DIRECTION('',(1.E0,0.E0,0.E0));
#951=VECTOR('',#950,5.2E0);
#952=CARTESIAN_POINT('',(-4.959628904373E1,5.E-1,4.534750823E1));
#953=LINE('',#952,#951);
#954=DIRECTION('',(0.E0,0.E0,1.E0));
#955=VECTOR('',#954,1.02E1);
#956=CARTESIAN_POINT('',(-4.959628904373E1,5.E-1,3.514750823E1));
#957=LINE('',#956,#955);
#958=DIRECTION('',(-1.E0,0.E0,0.E0));
#959=VECTOR('',#958,5.2E0);
#960=CARTESIAN_POINT('',(-4.439628904373E1,5.E-1,3.514750823E1));
#961=LINE('',#960,#959);
#962=DIRECTION('',(0.E0,0.E0,-1.E0));
#963=VECTOR('',#962,1.02E1);
#964=CARTESIAN_POINT('',(-4.439628904373E1,5.E-1,-4.5249177E-1));
#965=LINE('',#964,#963);
#966=DIRECTION('',(1.E0,0.E0,0.E0));
#967=VECTOR('',#966,5.2E0);
#968=CARTESIAN_POINT('',(-4.959628904373E1,5.E-1,-4.5249177E-1));
#969=LINE('',#968,#967);
#970=DIRECTION('',(0.E0,0.E0,1.E0));
#971=VECTOR('',#970,1.02E1);
#972=CARTESIAN_POINT('',(-4.959628904373E1,5.E-1,-1.065249177E1));
#973=LINE('',#972,#971);
#974=DIRECTION('',(-1.E0,0.E0,0.E0));
#975=VECTOR('',#974,5.2E0);
#976=CARTESIAN_POINT('',(-4.439628904373E1,5.E-1,-1.065249177E1));
#977=LINE('',#976,#975);
#978=DIRECTION('',(0.E0,0.E0,-1.E0));
#979=VECTOR('',#978,9.643404537243E0);
#980=CARTESIAN_POINT('',(-1.433483385606E1,5.E-1,2.216921049862E1));
#981=LINE('',#980,#979);
#982=DIRECTION('',(1.E0,0.E0,0.E0));
#983=VECTOR('',#982,5.2E0);
#984=CARTESIAN_POINT('',(-1.953483385606E1,5.E-1,2.216921049862E1));
#985=LINE('',#984,#983);
#986=DIRECTION('',(0.E0,0.E0,1.E0));
#987=VECTOR('',#986,9.643404537243E0);
#988=CARTESIAN_POINT('',(-1.953483385606E1,5.E-1,1.252580596138E1));
#989=LINE('',#988,#987);
#990=DIRECTION('',(-1.E0,0.E0,0.E0));
#991=VECTOR('',#990,5.2E0);
#992=CARTESIAN_POINT('',(-1.433483385606E1,5.E-1,1.252580596138E1));
#993=LINE('',#992,#991);
#994=DIRECTION('',(0.E0,-1.E0,0.E0));
#995=VECTOR('',#994,3.E0);
#996=CARTESIAN_POINT('',(-4.959628904373E1,3.5E0,-4.5249177E-1));
#997=LINE('',#996,#995);
#998=DIRECTION('',(0.E0,1.E0,0.E0));
#999=VECTOR('',#998,3.E0);
#1000=CARTESIAN_POINT('',(-4.439628904373E1,5.E-1,-4.5249177E-1));
#1001=LINE('',#1000,#999);
#1002=DIRECTION('',(0.E0,-1.E0,0.E0));
#1003=VECTOR('',#1002,3.E0);
#1004=CARTESIAN_POINT('',(-4.959628904373E1,3.5E0,-1.065249177E1));
#1005=LINE('',#1004,#1003);
#1006=DIRECTION('',(0.E0,-1.E0,0.E0));
#1007=VECTOR('',#1006,3.E0);
#1008=CARTESIAN_POINT('',(-4.439628904373E1,3.5E0,-1.065249177E1));
#1009=LINE('',#1008,#1007);
#1010=DIRECTION('',(0.E0,-1.E0,0.E0));
#1011=VECTOR('',#1010,3.E0);
#1012=CARTESIAN_POINT('',(-1.953483385606E1,3.5E0,2.216921049862E1));
#1013=LINE('',#1012,#1011);
#1014=DIRECTION('',(0.E0,1.E0,0.E0));
#1015=VECTOR('',#1014,3.E0);
#1016=CARTESIAN_POINT('',(-1.433483385606E1,5.E-1,2.216921049862E1));
#1017=LINE('',#1016,#1015);
#1018=DIRECTION('',(0.E0,-1.E0,0.E0));
#1019=VECTOR('',#1018,3.E0);
#1020=CARTESIAN_POINT('',(-1.953483385606E1,3.5E0,1.252580596138E1));
#1021=LINE('',#1020,#1019);
#1022=DIRECTION('',(0.E0,-1.E0,0.E0));
#1023=VECTOR('',#1022,3.E0);
#1024=CARTESIAN_POINT('',(-1.433483385606E1,3.5E0,1.252580596138E1));
#1025=LINE('',#1024,#1023);
#1026=DIRECTION('',(0.E0,1.E0,0.E0));
#1027=VECTOR('',#1026,1.5E0);
#1028=CARTESIAN_POINT('',(-4.339628904373E1,2.E0,-1.165249177E1));
#1029=LINE('',#1028,#1027);
#1030=DIRECTION('',(0.E0,1.E0,0.E0));
#1031=VECTOR('',#1030,1.5E0);
#1032=CARTESIAN_POINT('',(-4.339628904373E1,2.E0,5.4750823E-1));
#1033=LINE('',#1032,#1031);
#1034=DIRECTION('',(0.E0,1.E0,0.E0));
#1035=VECTOR('',#1034,1.5E0);
#1036=CARTESIAN_POINT('',(-5.059628904373E1,2.E0,5.4750823E-1));
#1037=LINE('',#1036,#1035);
#1038=DIRECTION('',(0.E0,1.E0,0.E0));
#1039=VECTOR('',#1038,1.5E0);
#1040=CARTESIAN_POINT('',(-5.059628904373E1,2.E0,-1.165249177E1));
#1041=LINE('',#1040,#1039);
#1042=DIRECTION('',(0.E0,1.E0,0.E0));
#1043=VECTOR('',#1042,1.5E0);
#1044=CARTESIAN_POINT('',(-1.333483385606E1,2.E0,2.316921049862E1));
#1045=LINE('',#1044,#1043);
#1046=DIRECTION('',(0.E0,1.E0,0.E0));
#1047=VECTOR('',#1046,1.5E0);
#1048=CARTESIAN_POINT('',(-2.053483385606E1,2.E0,2.316921049862E1));
#1049=LINE('',#1048,#1047);
#1050=DIRECTION('',(0.E0,1.E0,0.E0));
#1051=VECTOR('',#1050,1.5E0);
#1052=CARTESIAN_POINT('',(-2.053483385606E1,2.E0,1.152580596138E1));
#1053=LINE('',#1052,#1051);
#1054=DIRECTION('',(0.E0,1.E0,0.E0));
#1055=VECTOR('',#1054,1.5E0);
#1056=CARTESIAN_POINT('',(-1.333483385606E1,2.E0,1.152580596138E1));
#1057=LINE('',#1056,#1055);
#1058=CARTESIAN_POINT('',(-5.895345368E1,3.E0,-1.59025129E1));
#1059=CARTESIAN_POINT('',(-6.445345368E1,3.E0,-1.59025129E1));
#1060=VERTEX_POINT('',#1058);
#1061=VERTEX_POINT('',#1059);
#1062=CARTESIAN_POINT('',(9.54658966E0,3.E0,-1.59025129E1));
#1063=CARTESIAN_POINT('',(4.04658966E0,3.E0,-1.59025129E1));
#1064=VERTEX_POINT('',#1062);
#1065=VERTEX_POINT('',#1063);
#1066=CARTESIAN_POINT('',(9.54658966E0,3.E0,5.059752936E1));
#1067=CARTESIAN_POINT('',(4.04658966E0,3.E0,5.059752936E1));
#1068=VERTEX_POINT('',#1066);
#1069=VERTEX_POINT('',#1067);
#1070=CARTESIAN_POINT('',(-5.895345368E1,3.E0,5.059752936E1));
#1071=CARTESIAN_POINT('',(-6.445345368E1,3.E0,5.059752936E1));
#1072=VERTEX_POINT('',#1070);
#1073=VERTEX_POINT('',#1071);
#1074=CARTESIAN_POINT('',(-6.010345368E1,3.E0,5.059752936E1));
#1075=CARTESIAN_POINT('',(-6.330345368E1,3.E0,5.059752936E1));
#1076=VERTEX_POINT('',#1074);
#1077=VERTEX_POINT('',#1075);
#1078=CARTESIAN_POINT('',(8.39658966E0,3.E0,5.059752936E1));
#1079=CARTESIAN_POINT('',(5.19658966E0,3.E0,5.059752936E1));
#1080=VERTEX_POINT('',#1078);
#1081=VERTEX_POINT('',#1079);
#1082=CARTESIAN_POINT('',(-6.010345368E1,3.E0,-1.59025129E1));
#1083=CARTESIAN_POINT('',(-6.330345368E1,3.E0,-1.59025129E1));
#1084=VERTEX_POINT('',#1082);
#1085=VERTEX_POINT('',#1083);
#1086=CARTESIAN_POINT('',(8.39658966E0,3.E0,-1.59025129E1));
#1087=CARTESIAN_POINT('',(5.19658966E0,3.E0,-1.59025129E1));
#1088=VERTEX_POINT('',#1086);
#1089=VERTEX_POINT('',#1087);
#1090=CARTESIAN_POINT('',(-6.010345368E1,-1.E0,5.059752936E1));
#1091=CARTESIAN_POINT('',(-6.330345368E1,-1.E0,5.059752936E1));
#1092=VERTEX_POINT('',#1090);
#1093=VERTEX_POINT('',#1091);
#1094=CARTESIAN_POINT('',(8.39658966E0,-1.E0,5.059752936E1));
#1095=CARTESIAN_POINT('',(5.19658966E0,-1.E0,5.059752936E1));
#1096=VERTEX_POINT('',#1094);
#1097=VERTEX_POINT('',#1095);
#1098=CARTESIAN_POINT('',(-6.010345368E1,-1.E0,-1.59025129E1));
#1099=CARTESIAN_POINT('',(-6.330345368E1,-1.E0,-1.59025129E1));
#1100=VERTEX_POINT('',#1098);
#1101=VERTEX_POINT('',#1099);
#1102=CARTESIAN_POINT('',(8.39658966E0,-1.E0,-1.59025129E1));
#1103=CARTESIAN_POINT('',(5.19658966E0,-1.E0,-1.59025129E1));
#1104=VERTEX_POINT('',#1102);
#1105=VERTEX_POINT('',#1103);
#1106=CARTESIAN_POINT('',(-5.895345368E1,2.E0,-1.59025129E1));
#1107=VERTEX_POINT('',#1106);
#1108=CARTESIAN_POINT('',(-6.445345368E1,2.E0,-1.59025129E1));
#1109=VERTEX_POINT('',#1108);
#1110=CARTESIAN_POINT('',(9.54658966E0,2.E0,-1.59025129E1));
#1111=VERTEX_POINT('',#1110);
#1112=CARTESIAN_POINT('',(4.04658966E0,2.E0,-1.59025129E1));
#1113=VERTEX_POINT('',#1112);
#1114=CARTESIAN_POINT('',(9.54658966E0,2.E0,5.059752936E1));
#1115=VERTEX_POINT('',#1114);
#1116=CARTESIAN_POINT('',(4.04658966E0,2.E0,5.059752936E1));
#1117=VERTEX_POINT('',#1116);
#1118=CARTESIAN_POINT('',(-5.895345368E1,2.E0,5.059752936E1));
#1119=VERTEX_POINT('',#1118);
#1120=CARTESIAN_POINT('',(-6.445345368E1,2.E0,5.059752936E1));
#1121=VERTEX_POINT('',#1120);
#1122=CARTESIAN_POINT('',(-1.044749070950E1,-1.E0,4.381739514E1));
#1123=CARTESIAN_POINT('',(-1.044749070950E1,2.E0,4.381739514E1));
#1124=VERTEX_POINT('',#1122);
#1125=VERTEX_POINT('',#1123);
#1126=CARTESIAN_POINT('',(-8.947490709502E0,-1.E0,4.531739514E1));
#1127=CARTESIAN_POINT('',(-8.947490709502E0,2.E0,4.531739514E1));
#1128=VERTEX_POINT('',#1126);
#1129=VERTEX_POINT('',#1127);
#1130=CARTESIAN_POINT('',(-8.947490709502E0,-1.E0,-8.753333343798E0));
#1131=CARTESIAN_POINT('',(-8.947490709502E0,2.E0,-8.753333343798E0));
#1132=VERTEX_POINT('',#1130);
#1133=VERTEX_POINT('',#1131);
#1134=CARTESIAN_POINT('',(-2.445343201E1,-1.E0,4.734750823E1));
#1135=CARTESIAN_POINT('',(-3.045343201E1,-1.E0,4.734750823E1));
#1136=VERTEX_POINT('',#1134);
#1137=VERTEX_POINT('',#1135);
#1138=CARTESIAN_POINT('',(-2.445343201E1,-1.E0,-1.265249177E1));
#1139=CARTESIAN_POINT('',(-3.045343201E1,-1.E0,-1.265249177E1));
#1140=VERTEX_POINT('',#1138);
#1141=VERTEX_POINT('',#1139);
#1142=CARTESIAN_POINT('',(-2.445343201E1,2.E0,4.734750823E1));
#1143=CARTESIAN_POINT('',(-3.045343201E1,2.E0,4.734750823E1));
#1144=VERTEX_POINT('',#1142);
#1145=VERTEX_POINT('',#1143);
#1146=CARTESIAN_POINT('',(-2.445343201E1,2.E0,-1.265249177E1));
#1147=CARTESIAN_POINT('',(-3.045343201E1,2.E0,-1.265249177E1));
#1148=VERTEX_POINT('',#1146);
#1149=VERTEX_POINT('',#1147);
#1150=CARTESIAN_POINT('',(-6.450567347376E1,-1.E0,4.397092957990E1));
#1151=CARTESIAN_POINT('',(-6.450567347376E1,-1.E0,3.464770100742E1));
#1152=VERTEX_POINT('',#1150);
#1153=VERTEX_POINT('',#1151);
#1154=CARTESIAN_POINT('',(-5.531900825913E1,-1.E0,3.464770100742E1));
#1155=VERTEX_POINT('',#1154);
#1156=CARTESIAN_POINT('',(-5.531900825913E1,-1.E0,4.397092957990E1));
#1157=VERTEX_POINT('',#1156);
#1158=CARTESIAN_POINT('',(-6.450567347376E1,2.E0,4.397092957990E1));
#1159=CARTESIAN_POINT('',(-6.450567347376E1,2.E0,3.464770100742E1));
#1160=VERTEX_POINT('',#1158);
#1161=VERTEX_POINT('',#1159);
#1162=CARTESIAN_POINT('',(-5.531900825913E1,2.E0,3.464770100742E1));
#1163=VERTEX_POINT('',#1162);
#1164=CARTESIAN_POINT('',(-5.531900825913E1,2.E0,4.397092957990E1));
#1165=VERTEX_POINT('',#1164);
#1166=CARTESIAN_POINT('',(-6.759628904373E1,-1.E0,5.634750823E1));
#1167=CARTESIAN_POINT('',(-6.759628904373E1,-1.E0,-2.165249177E1));
#1168=VERTEX_POINT('',#1166);
#1169=VERTEX_POINT('',#1167);
#1170=CARTESIAN_POINT('',(1.268942502373E1,-1.E0,-2.165249177E1));
#1171=VERTEX_POINT('',#1170);
#1172=CARTESIAN_POINT('',(1.268942502373E1,-1.E0,5.634750823E1));
#1173=VERTEX_POINT('',#1172);
#1174=CARTESIAN_POINT('',(-6.759628904373E1,1.4E1,5.634750823E1));
#1175=CARTESIAN_POINT('',(-6.759628904373E1,1.4E1,-2.165249177E1));
#1176=VERTEX_POINT('',#1174);
#1177=VERTEX_POINT('',#1175);
#1178=CARTESIAN_POINT('',(1.268942502373E1,1.4E1,-2.165249177E1));
#1179=VERTEX_POINT('',#1178);
#1180=CARTESIAN_POINT('',(1.268942502373E1,1.4E1,5.634750823E1));
#1181=VERTEX_POINT('',#1180);
#1182=CARTESIAN_POINT('',(-6.659628904373E1,1.4E1,5.534750823E1));
#1183=CARTESIAN_POINT('',(1.168942502373E1,1.4E1,5.534750823E1));
#1184=VERTEX_POINT('',#1182);
#1185=VERTEX_POINT('',#1183);
#1186=CARTESIAN_POINT('',(1.168942502373E1,1.4E1,-2.065249177E1));
#1187=VERTEX_POINT('',#1186);
#1188=CARTESIAN_POINT('',(-6.659628904373E1,1.4E1,-2.065249177E1));
#1189=VERTEX_POINT('',#1188);
#1190=CARTESIAN_POINT('',(1.168942502373E1,-1.E0,4.531739514E1));
#1191=VERTEX_POINT('',#1190);
#1192=CARTESIAN_POINT('',(1.168942502373E1,2.E0,4.531739514E1));
#1193=VERTEX_POINT('',#1192);
#1194=CARTESIAN_POINT('',(1.168942502373E1,2.E0,-8.753333343798E0));
#1195=VERTEX_POINT('',#1194);
#1196=CARTESIAN_POINT('',(1.168942502373E1,-1.E0,-8.753333343798E0));
#1197=VERTEX_POINT('',#1196);
#1198=CARTESIAN_POINT('',(-6.659628904373E1,2.E0,5.534750823E1));
#1199=VERTEX_POINT('',#1198);
#1200=CARTESIAN_POINT('',(1.168942502373E1,2.E0,5.534750823E1));
#1201=VERTEX_POINT('',#1200);
#1202=CARTESIAN_POINT('',(1.168942502373E1,2.E0,-2.065249177E1));
#1203=VERTEX_POINT('',#1202);
#1204=CARTESIAN_POINT('',(-6.659628904373E1,2.E0,-2.065249177E1));
#1205=VERTEX_POINT('',#1204);
#1206=CARTESIAN_POINT('',(-5.405963016453E1,4.75E0,-2.165249177E1));
#1207=CARTESIAN_POINT('',(-5.701641964005E1,4.75E0,-2.165249177E1));
#1208=VERTEX_POINT('',#1206);
#1209=VERTEX_POINT('',#1207);
#1210=CARTESIAN_POINT('',(-4.685963016453E1,4.75E0,-2.165249177E1));
#1211=CARTESIAN_POINT('',(-4.981641964005E1,4.75E0,-2.165249177E1));
#1212=VERTEX_POINT('',#1210);
#1213=VERTEX_POINT('',#1211);
#1214=CARTESIAN_POINT('',(-3.965963016453E1,4.75E0,-2.165249177E1));
#1215=CARTESIAN_POINT('',(-4.261641964005E1,4.75E0,-2.165249177E1));
#1216=VERTEX_POINT('',#1214);
#1217=VERTEX_POINT('',#1215);
#1218=CARTESIAN_POINT('',(-5.405963016453E1,4.75E0,-2.065249177E1));
#1219=CARTESIAN_POINT('',(-5.701641964005E1,4.75E0,-2.065249177E1));
#1220=VERTEX_POINT('',#1218);
#1221=VERTEX_POINT('',#1219);
#1222=CARTESIAN_POINT('',(-4.685963016453E1,4.75E0,-2.065249177E1));
#1223=CARTESIAN_POINT('',(-4.981641964005E1,4.75E0,-2.065249177E1));
#1224=VERTEX_POINT('',#1222);
#1225=VERTEX_POINT('',#1223);
#1226=CARTESIAN_POINT('',(-3.965963016453E1,4.75E0,-2.065249177E1));
#1227=CARTESIAN_POINT('',(-4.261641964005E1,4.75E0,-2.065249177E1));
#1228=VERTEX_POINT('',#1226);
#1229=VERTEX_POINT('',#1227);
#1230=CARTESIAN_POINT('',(-1.927222839728E1,7.729950056529E0,-2.165249177E1));
#1231=CARTESIAN_POINT('',(-1.927222839728E1,7.729950056529E0,-2.065249177E1));
#1232=VERTEX_POINT('',#1230);
#1233=VERTEX_POINT('',#1231);
#1234=CARTESIAN_POINT('',(-2.067222839728E1,6.329950056529E0,-2.165249177E1));
#1235=CARTESIAN_POINT('',(-2.067222839728E1,6.329950056529E0,-2.065249177E1));
#1236=VERTEX_POINT('',#1234);
#1237=VERTEX_POINT('',#1235);
#1238=CARTESIAN_POINT('',(-1.067222839728E1,6.329950056529E0,-2.165249177E1));
#1239=CARTESIAN_POINT('',(-1.067222839728E1,6.329950056529E0,-2.065249177E1));
#1240=VERTEX_POINT('',#1238);
#1241=VERTEX_POINT('',#1239);
#1242=CARTESIAN_POINT('',(-1.207222839728E1,7.729950056529E0,-2.165249177E1));
#1243=CARTESIAN_POINT('',(-1.207222839728E1,7.729950056529E0,-2.065249177E1));
#1244=VERTEX_POINT('',#1242);
#1245=VERTEX_POINT('',#1243);
#1246=CARTESIAN_POINT('',(-1.207222839728E1,3.148585894679E0,-2.165249177E1));
#1247=CARTESIAN_POINT('',(-1.207222839728E1,3.148585894679E0,-2.065249177E1));
#1248=VERTEX_POINT('',#1246);
#1249=VERTEX_POINT('',#1247);
#1250=CARTESIAN_POINT('',(-1.067222839728E1,4.548585894679E0,-2.165249177E1));
#1251=CARTESIAN_POINT('',(-1.067222839728E1,4.548585894679E0,-2.065249177E1));
#1252=VERTEX_POINT('',#1250);
#1253=VERTEX_POINT('',#1251);
#1254=CARTESIAN_POINT('',(-2.067222839728E1,4.548585894679E0,-2.165249177E1));
#1255=CARTESIAN_POINT('',(-2.067222839728E1,4.548585894679E0,-2.065249177E1));
#1256=VERTEX_POINT('',#1254);
#1257=VERTEX_POINT('',#1255);
#1258=CARTESIAN_POINT('',(-1.927222839728E1,3.148585894679E0,-2.165249177E1));
#1259=CARTESIAN_POINT('',(-1.927222839728E1,3.148585894679E0,-2.065249177E1));
#1260=VERTEX_POINT('',#1258);
#1261=VERTEX_POINT('',#1259);
#1262=CARTESIAN_POINT('',(-4.339628904373E1,3.5E0,4.634750823E1));
#1263=CARTESIAN_POINT('',(-4.339628904373E1,3.5E0,3.414750823E1));
#1264=VERTEX_POINT('',#1262);
#1265=VERTEX_POINT('',#1263);
#1266=CARTESIAN_POINT('',(-5.059628904373E1,3.5E0,3.414750823E1));
#1267=VERTEX_POINT('',#1266);
#1268=CARTESIAN_POINT('',(-5.059628904373E1,3.5E0,4.634750823E1));
#1269=VERTEX_POINT('',#1268);
#1270=CARTESIAN_POINT('',(-4.439628904373E1,3.5E0,4.534750823E1));
#1271=CARTESIAN_POINT('',(-4.959628904373E1,3.5E0,4.534750823E1));
#1272=VERTEX_POINT('',#1270);
#1273=VERTEX_POINT('',#1271);
#1274=CARTESIAN_POINT('',(-4.959628904373E1,3.5E0,3.514750823E1));
#1275=VERTEX_POINT('',#1274);
#1276=CARTESIAN_POINT('',(-4.439628904373E1,3.5E0,3.514750823E1));
#1277=VERTEX_POINT('',#1276);
#1278=CARTESIAN_POINT('',(-4.339628904373E1,3.5E0,-1.165249177E1));
#1279=CARTESIAN_POINT('',(-5.059628904373E1,3.5E0,-1.165249177E1));
#1280=VERTEX_POINT('',#1278);
#1281=VERTEX_POINT('',#1279);
#1282=CARTESIAN_POINT('',(-5.059628904373E1,3.5E0,5.4750823E-1));
#1283=VERTEX_POINT('',#1282);
#1284=CARTESIAN_POINT('',(-4.339628904373E1,3.5E0,5.4750823E-1));
#1285=VERTEX_POINT('',#1284);
#1286=CARTESIAN_POINT('',(-4.439628904373E1,3.5E0,-1.065249177E1));
#1287=CARTESIAN_POINT('',(-4.439628904373E1,3.5E0,-4.5249177E-1));
#1288=VERTEX_POINT('',#1286);
#1289=VERTEX_POINT('',#1287);
#1290=CARTESIAN_POINT('',(-4.959628904373E1,3.5E0,-4.5249177E-1));
#1291=VERTEX_POINT('',#1290);
#1292=CARTESIAN_POINT('',(-4.959628904373E1,3.5E0,-1.065249177E1));
#1293=VERTEX_POINT('',#1292);
#1294=CARTESIAN_POINT('',(-4.339628904373E1,2.E0,4.634750823E1));
#1295=CARTESIAN_POINT('',(-4.339628904373E1,2.E0,3.414750823E1));
#1296=VERTEX_POINT('',#1294);
#1297=VERTEX_POINT('',#1295);
#1298=CARTESIAN_POINT('',(-5.059628904373E1,2.E0,3.414750823E1));
#1299=VERTEX_POINT('',#1298);
#1300=CARTESIAN_POINT('',(-5.059628904373E1,2.E0,4.634750823E1));
#1301=VERTEX_POINT('',#1300);
#1302=CARTESIAN_POINT('',(-4.339628904373E1,2.E0,-1.165249177E1));
#1303=CARTESIAN_POINT('',(-5.059628904373E1,2.E0,-1.165249177E1));
#1304=VERTEX_POINT('',#1302);
#1305=VERTEX_POINT('',#1303);
#1306=CARTESIAN_POINT('',(-5.059628904373E1,2.E0,5.4750823E-1));
#1307=VERTEX_POINT('',#1306);
#1308=CARTESIAN_POINT('',(-4.339628904373E1,2.E0,5.4750823E-1));
#1309=VERTEX_POINT('',#1308);
#1310=CARTESIAN_POINT('',(-4.439628904373E1,5.E-1,4.534750823E1));
#1311=CARTESIAN_POINT('',(-4.439628904373E1,5.E-1,3.514750823E1));
#1312=VERTEX_POINT('',#1310);
#1313=VERTEX_POINT('',#1311);
#1314=CARTESIAN_POINT('',(-4.959628904373E1,5.E-1,3.514750823E1));
#1315=VERTEX_POINT('',#1314);
#1316=CARTESIAN_POINT('',(-4.959628904373E1,5.E-1,4.534750823E1));
#1317=VERTEX_POINT('',#1316);
#1318=CARTESIAN_POINT('',(-4.439628904373E1,5.E-1,-4.5249177E-1));
#1319=CARTESIAN_POINT('',(-4.439628904373E1,5.E-1,-1.065249177E1));
#1320=VERTEX_POINT('',#1318);
#1321=VERTEX_POINT('',#1319);
#1322=CARTESIAN_POINT('',(-4.959628904373E1,5.E-1,-1.065249177E1));
#1323=VERTEX_POINT('',#1322);
#1324=CARTESIAN_POINT('',(-4.959628904373E1,5.E-1,-4.5249177E-1));
#1325=VERTEX_POINT('',#1324);
#1326=CARTESIAN_POINT('',(-1.333483385606E1,3.5E0,2.316921049862E1));
#1327=CARTESIAN_POINT('',(-1.333483385606E1,3.5E0,1.152580596138E1));
#1328=VERTEX_POINT('',#1326);
#1329=VERTEX_POINT('',#1327);
#1330=CARTESIAN_POINT('',(-2.053483385606E1,3.5E0,1.152580596138E1));
#1331=VERTEX_POINT('',#1330);
#1332=CARTESIAN_POINT('',(-2.053483385606E1,3.5E0,2.316921049862E1));
#1333=VERTEX_POINT('',#1332);
#1334=CARTESIAN_POINT('',(-1.433483385606E1,3.5E0,2.216921049862E1));
#1335=CARTESIAN_POINT('',(-1.953483385606E1,3.5E0,2.216921049862E1));
#1336=VERTEX_POINT('',#1334);
#1337=VERTEX_POINT('',#1335);
#1338=CARTESIAN_POINT('',(-1.953483385606E1,3.5E0,1.252580596138E1));
#1339=VERTEX_POINT('',#1338);
#1340=CARTESIAN_POINT('',(-1.433483385606E1,3.5E0,1.252580596138E1));
#1341=VERTEX_POINT('',#1340);
#1342=CARTESIAN_POINT('',(-1.333483385606E1,2.E0,2.316921049862E1));
#1343=CARTESIAN_POINT('',(-1.333483385606E1,2.E0,1.152580596138E1));
#1344=VERTEX_POINT('',#1342);
#1345=VERTEX_POINT('',#1343);
#1346=CARTESIAN_POINT('',(-2.053483385606E1,2.E0,1.152580596138E1));
#1347=VERTEX_POINT('',#1346);
#1348=CARTESIAN_POINT('',(-2.053483385606E1,2.E0,2.316921049862E1));
#1349=VERTEX_POINT('',#1348);
#1350=CARTESIAN_POINT('',(-1.433483385606E1,5.E-1,2.216921049862E1));
#1351=CARTESIAN_POINT('',(-1.433483385606E1,5.E-1,1.252580596138E1));
#1352=VERTEX_POINT('',#1350);
#1353=VERTEX_POINT('',#1351);
#1354=CARTESIAN_POINT('',(-1.953483385606E1,5.E-1,1.252580596138E1));
#1355=VERTEX_POINT('',#1354);
#1356=CARTESIAN_POINT('',(-1.953483385606E1,5.E-1,2.216921049862E1));
#1357=VERTEX_POINT('',#1356);
#1358=CARTESIAN_POINT('',(-9.678385186034E0,-1.E0,-8.563216263824E0));
#1359=CARTESIAN_POINT('',(-1.074603994003E1,-1.E0,-8.836935780201E0));
#1360=VERTEX_POINT('',#1358);
#1361=VERTEX_POINT('',#1359);
#1362=CARTESIAN_POINT('',(-1.074603994003E1,2.E0,-8.836935780201E0));
#1363=VERTEX_POINT('',#1362);
#1364=CARTESIAN_POINT('',(-9.678385186034E0,2.E0,-8.563216263824E0));
#1365=VERTEX_POINT('',#1364);
#1366=CARTESIAN_POINT('',(-1.044749070950E1,2.E0,-3.667546415655E0));
#1367=CARTESIAN_POINT('',(-1.169614080656E1,2.E0,-4.329900618791E0));
#1368=VERTEX_POINT('',#1366);
#1369=VERTEX_POINT('',#1367);
#1370=CARTESIAN_POINT('',(-1.169614080656E1,-1.E0,-4.329900618791E0));
#1371=VERTEX_POINT('',#1370);
#1372=CARTESIAN_POINT('',(-1.044749070950E1,-1.E0,-3.667546415655E0));
#1373=VERTEX_POINT('',#1372);
#1374=CARTESIAN_POINT('',(0.E0,3.E0,0.E0));
#1375=DIRECTION('',(0.E0,-1.E0,0.E0));
#1376=DIRECTION('',(1.E0,0.E0,0.E0));
#1377=AXIS2_PLACEMENT_3D('',#1374,#1375,#1376);
#1378=PLANE('',#1377);
#1380=ORIENTED_EDGE('',*,*,#1379,.T.);
#1382=ORIENTED_EDGE('',*,*,#1381,.T.);
#1383=EDGE_LOOP('',(#1380,#1382));
#1384=FACE_OUTER_BOUND('',#1383,.F.);
#1386=ORIENTED_EDGE('',*,*,#1385,.T.);
#1388=ORIENTED_EDGE('',*,*,#1387,.T.);
#1389=EDGE_LOOP('',(#1386,#1388));
#1390=FACE_BOUND('',#1389,.F.);
#1391=ADVANCED_FACE('',(#1384,#1390),#1378,.F.);
#1392=CARTESIAN_POINT('',(0.E0,3.E0,0.E0));
#1393=DIRECTION('',(0.E0,-1.E0,0.E0));
#1394=DIRECTION('',(1.E0,0.E0,0.E0));
#1395=AXIS2_PLACEMENT_3D('',#1392,#1393,#1394);
#1396=PLANE('',#1395);
#1398=ORIENTED_EDGE('',*,*,#1397,.T.);
#1400=ORIENTED_EDGE('',*,*,#1399,.T.);
#1401=EDGE_LOOP('',(#1398,#1400));
#1402=FACE_OUTER_BOUND('',#1401,.F.);
#1404=ORIENTED_EDGE('',*,*,#1403,.T.);
#1406=ORIENTED_EDGE('',*,*,#1405,.T.);
#1407=EDGE_LOOP('',(#1404,#1406));
#1408=FACE_BOUND('',#1407,.F.);
#1409=ADVANCED_FACE('',(#1402,#1408),#1396,.F.);
#1410=CARTESIAN_POINT('',(0.E0,3.E0,0.E0));
#1411=DIRECTION('',(0.E0,-1.E0,0.E0));
#1412=DIRECTION('',(1.E0,0.E0,0.E0));
#1413=AXIS2_PLACEMENT_3D('',#1410,#1411,#1412);
#1414=PLANE('',#1413);
#1416=ORIENTED_EDGE('',*,*,#1415,.T.);
#1418=ORIENTED_EDGE('',*,*,#1417,.T.);
#1419=EDGE_LOOP('',(#1416,#1418));
#1420=FACE_OUTER_BOUND('',#1419,.F.);
#1422=ORIENTED_EDGE('',*,*,#1421,.T.);
#1424=ORIENTED_EDGE('',*,*,#1423,.T.);
#1425=EDGE_LOOP('',(#1422,#1424));
#1426=FACE_BOUND('',#1425,.F.);
#1427=ADVANCED_FACE('',(#1420,#1426),#1414,.F.);
#1428=CARTESIAN_POINT('',(0.E0,3.E0,0.E0));
#1429=DIRECTION('',(0.E0,-1.E0,0.E0));
#1430=DIRECTION('',(1.E0,0.E0,0.E0));
#1431=AXIS2_PLACEMENT_3D('',#1428,#1429,#1430);
#1432=PLANE('',#1431);
#1434=ORIENTED_EDGE('',*,*,#1433,.T.);
#1436=ORIENTED_EDGE('',*,*,#1435,.T.);
#1437=EDGE_LOOP('',(#1434,#1436));
#1438=FACE_OUTER_BOUND('',#1437,.F.);
#1440=ORIENTED_EDGE('',*,*,#1439,.T.);
#1442=ORIENTED_EDGE('',*,*,#1441,.T.);
#1443=EDGE_LOOP('',(#1440,#1442));
#1444=FACE_BOUND('',#1443,.F.);
#1445=ADVANCED_FACE('',(#1438,#1444),#1432,.F.);
#1446=CARTESIAN_POINT('',(-6.170345368E1,3.E0,-1.59025129E1));
#1447=DIRECTION('',(0.E0,-1.E0,0.E0));
#1448=DIRECTION('',(1.E0,0.E0,0.E0));
#1449=AXIS2_PLACEMENT_3D('',#1446,#1447,#1448);
#1450=CYLINDRICAL_SURFACE('',#1449,2.75E0);
#1452=ORIENTED_EDGE('',*,*,#1451,.T.);
#1454=ORIENTED_EDGE('',*,*,#1453,.T.);
#1456=ORIENTED_EDGE('',*,*,#1455,.F.);
#1457=ORIENTED_EDGE('',*,*,#1379,.F.);
#1458=EDGE_LOOP('',(#1452,#1454,#1456,#1457));
#1459=FACE_OUTER_BOUND('',#1458,.F.);
#1460=ADVANCED_FACE('',(#1459),#1450,.T.);
#1461=CARTESIAN_POINT('',(-6.170345368E1,3.E0,-1.59025129E1));
#1462=DIRECTION('',(0.E0,-1.E0,0.E0));
#1463=DIRECTION('',(1.E0,0.E0,0.E0));
#1464=AXIS2_PLACEMENT_3D('',#1461,#1462,#1463);
#1465=CYLINDRICAL_SURFACE('',#1464,2.75E0);
#1466=ORIENTED_EDGE('',*,*,#1451,.F.);
#1467=ORIENTED_EDGE('',*,*,#1381,.F.);
#1468=ORIENTED_EDGE('',*,*,#1455,.T.);
#1470=ORIENTED_EDGE('',*,*,#1469,.T.);
#1471=EDGE_LOOP('',(#1466,#1467,#1468,#1470));
#1472=FACE_OUTER_BOUND('',#1471,.F.);
#1473=ADVANCED_FACE('',(#1472),#1465,.T.);
#1474=CARTESIAN_POINT('',(0.E0,2.E0,0.E0));
#1475=DIRECTION('',(0.E0,-1.E0,0.E0));
#1476=DIRECTION('',(1.E0,0.E0,0.E0));
#1477=AXIS2_PLACEMENT_3D('',#1474,#1475,#1476);
#1478=PLANE('',#1477);
#1480=ORIENTED_EDGE('',*,*,#1479,.F.);
#1482=ORIENTED_EDGE('',*,*,#1481,.F.);
#1484=ORIENTED_EDGE('',*,*,#1483,.F.);
#1486=ORIENTED_EDGE('',*,*,#1485,.F.);
#1488=ORIENTED_EDGE('',*,*,#1487,.F.);
#1490=ORIENTED_EDGE('',*,*,#1489,.F.);
#1492=ORIENTED_EDGE('',*,*,#1491,.T.);
#1494=ORIENTED_EDGE('',*,*,#1493,.F.);
#1496=ORIENTED_EDGE('',*,*,#1495,.F.);
#1498=ORIENTED_EDGE('',*,*,#1497,.T.);
#1500=ORIENTED_EDGE('',*,*,#1499,.T.);
#1502=ORIENTED_EDGE('',*,*,#1501,.F.);
#1504=ORIENTED_EDGE('',*,*,#1503,.F.);
#1505=EDGE_LOOP('',(#1480,#1482,#1484,#1486,#1488,#1490,#1492,#1494,#1496,#1498,
#1500,#1502,#1504));
#1506=FACE_OUTER_BOUND('',#1505,.F.);
#1508=ORIENTED_EDGE('',*,*,#1507,.F.);
#1510=ORIENTED_EDGE('',*,*,#1509,.F.);
#1511=EDGE_LOOP('',(#1508,#1510));
#1512=FACE_BOUND('',#1511,.F.);
#1514=ORIENTED_EDGE('',*,*,#1513,.F.);
#1516=ORIENTED_EDGE('',*,*,#1515,.F.);
#1517=EDGE_LOOP('',(#1514,#1516));
#1518=FACE_BOUND('',#1517,.F.);
#1520=ORIENTED_EDGE('',*,*,#1519,.F.);
#1522=ORIENTED_EDGE('',*,*,#1521,.F.);
#1523=EDGE_LOOP('',(#1520,#1522));
#1524=FACE_BOUND('',#1523,.F.);
#1526=ORIENTED_EDGE('',*,*,#1525,.F.);
#1528=ORIENTED_EDGE('',*,*,#1527,.F.);
#1529=EDGE_LOOP('',(#1526,#1528));
#1530=FACE_BOUND('',#1529,.F.);
#1532=ORIENTED_EDGE('',*,*,#1531,.F.);
#1534=ORIENTED_EDGE('',*,*,#1533,.F.);
#1535=EDGE_LOOP('',(#1532,#1534));
#1536=FACE_BOUND('',#1535,.F.);
#1538=ORIENTED_EDGE('',*,*,#1537,.F.);
#1540=ORIENTED_EDGE('',*,*,#1539,.F.);
#1542=ORIENTED_EDGE('',*,*,#1541,.F.);
#1544=ORIENTED_EDGE('',*,*,#1543,.F.);
#1545=EDGE_LOOP('',(#1538,#1540,#1542,#1544));
#1546=FACE_BOUND('',#1545,.F.);
#1548=ORIENTED_EDGE('',*,*,#1547,.T.);
#1550=ORIENTED_EDGE('',*,*,#1549,.T.);
#1552=ORIENTED_EDGE('',*,*,#1551,.T.);
#1554=ORIENTED_EDGE('',*,*,#1553,.T.);
#1555=EDGE_LOOP('',(#1548,#1550,#1552,#1554));
#1556=FACE_BOUND('',#1555,.F.);
#1558=ORIENTED_EDGE('',*,*,#1557,.T.);
#1560=ORIENTED_EDGE('',*,*,#1559,.T.);
#1562=ORIENTED_EDGE('',*,*,#1561,.T.);
#1564=ORIENTED_EDGE('',*,*,#1563,.T.);
#1565=EDGE_LOOP('',(#1558,#1560,#1562,#1564));
#1566=FACE_BOUND('',#1565,.F.);
#1568=ORIENTED_EDGE('',*,*,#1567,.T.);
#1570=ORIENTED_EDGE('',*,*,#1569,.T.);
#1572=ORIENTED_EDGE('',*,*,#1571,.T.);
#1574=ORIENTED_EDGE('',*,*,#1573,.T.);
#1575=EDGE_LOOP('',(#1568,#1570,#1572,#1574));
#1576=FACE_BOUND('',#1575,.F.);
#1577=ORIENTED_EDGE('',*,*,#1453,.F.);
#1578=ORIENTED_EDGE('',*,*,#1469,.F.);
#1579=EDGE_LOOP('',(#1577,#1578));
#1580=FACE_BOUND('',#1579,.F.);
#1581=ADVANCED_FACE('',(#1506,#1512,#1518,#1524,#1530,#1536,#1546,#1556,#1566,
#1576,#1580),#1478,.F.);
#1582=CARTESIAN_POINT('',(6.79658966E0,3.E0,-1.59025129E1));
#1583=DIRECTION('',(0.E0,-1.E0,0.E0));
#1584=DIRECTION('',(1.E0,0.E0,0.E0));
#1585=AXIS2_PLACEMENT_3D('',#1582,#1583,#1584);
#1586=CYLINDRICAL_SURFACE('',#1585,2.75E0);
#1588=ORIENTED_EDGE('',*,*,#1587,.T.);
#1589=ORIENTED_EDGE('',*,*,#1507,.T.);
#1591=ORIENTED_EDGE('',*,*,#1590,.F.);
#1592=ORIENTED_EDGE('',*,*,#1397,.F.);
#1593=EDGE_LOOP('',(#1588,#1589,#1591,#1592));
#1594=FACE_OUTER_BOUND('',#1593,.F.);
#1595=ADVANCED_FACE('',(#1594),#1586,.T.);
#1596=CARTESIAN_POINT('',(6.79658966E0,3.E0,-1.59025129E1));
#1597=DIRECTION('',(0.E0,-1.E0,0.E0));
#1598=DIRECTION('',(1.E0,0.E0,0.E0));
#1599=AXIS2_PLACEMENT_3D('',#1596,#1597,#1598);
#1600=CYLINDRICAL_SURFACE('',#1599,2.75E0);
#1601=ORIENTED_EDGE('',*,*,#1587,.F.);
#1602=ORIENTED_EDGE('',*,*,#1399,.F.);
#1603=ORIENTED_EDGE('',*,*,#1590,.T.);
#1604=ORIENTED_EDGE('',*,*,#1509,.T.);
#1605=EDGE_LOOP('',(#1601,#1602,#1603,#1604));
#1606=FACE_OUTER_BOUND('',#1605,.F.);
#1607=ADVANCED_FACE('',(#1606),#1600,.T.);
#1608=CARTESIAN_POINT('',(6.79658966E0,3.E0,5.059752936E1));
#1609=DIRECTION('',(0.E0,-1.E0,0.E0));
#1610=DIRECTION('',(1.E0,0.E0,0.E0));
#1611=AXIS2_PLACEMENT_3D('',#1608,#1609,#1610);
#1612=CYLINDRICAL_SURFACE('',#1611,2.75E0);
#1614=ORIENTED_EDGE('',*,*,#1613,.T.);
#1615=ORIENTED_EDGE('',*,*,#1513,.T.);
#1617=ORIENTED_EDGE('',*,*,#1616,.F.);
#1618=ORIENTED_EDGE('',*,*,#1415,.F.);
#1619=EDGE_LOOP('',(#1614,#1615,#1617,#1618));
#1620=FACE_OUTER_BOUND('',#1619,.F.);
#1621=ADVANCED_FACE('',(#1620),#1612,.T.);
#1622=CARTESIAN_POINT('',(6.79658966E0,3.E0,5.059752936E1));
#1623=DIRECTION('',(0.E0,-1.E0,0.E0));
#1624=DIRECTION('',(1.E0,0.E0,0.E0));
#1625=AXIS2_PLACEMENT_3D('',#1622,#1623,#1624);
#1626=CYLINDRICAL_SURFACE('',#1625,2.75E0);
#1627=ORIENTED_EDGE('',*,*,#1613,.F.);
#1628=ORIENTED_EDGE('',*,*,#1417,.F.);
#1629=ORIENTED_EDGE('',*,*,#1616,.T.);
#1630=ORIENTED_EDGE('',*,*,#1515,.T.);
#1631=EDGE_LOOP('',(#1627,#1628,#1629,#1630));
#1632=FACE_OUTER_BOUND('',#1631,.F.);
#1633=ADVANCED_FACE('',(#1632),#1626,.T.);
#1634=CARTESIAN_POINT('',(-6.170345368E1,3.E0,5.059752936E1));
#1635=DIRECTION('',(0.E0,-1.E0,0.E0));
#1636=DIRECTION('',(1.E0,0.E0,0.E0));
#1637=AXIS2_PLACEMENT_3D('',#1634,#1635,#1636);
#1638=CYLINDRICAL_SURFACE('',#1637,2.75E0);
#1640=ORIENTED_EDGE('',*,*,#1639,.T.);
#1641=ORIENTED_EDGE('',*,*,#1519,.T.);
#1643=ORIENTED_EDGE('',*,*,#1642,.F.);
#1644=ORIENTED_EDGE('',*,*,#1433,.F.);
#1645=EDGE_LOOP('',(#1640,#1641,#1643,#1644));
#1646=FACE_OUTER_BOUND('',#1645,.F.);
#1647=ADVANCED_FACE('',(#1646),#1638,.T.);
#1648=CARTESIAN_POINT('',(-6.170345368E1,3.E0,5.059752936E1));
#1649=DIRECTION('',(0.E0,-1.E0,0.E0));
#1650=DIRECTION('',(1.E0,0.E0,0.E0));
#1651=AXIS2_PLACEMENT_3D('',#1648,#1649,#1650);
#1652=CYLINDRICAL_SURFACE('',#1651,2.75E0);
#1653=ORIENTED_EDGE('',*,*,#1639,.F.);
#1654=ORIENTED_EDGE('',*,*,#1435,.F.);
#1655=ORIENTED_EDGE('',*,*,#1642,.T.);
#1656=ORIENTED_EDGE('',*,*,#1521,.T.);
#1657=EDGE_LOOP('',(#1653,#1654,#1655,#1656));
#1658=FACE_OUTER_BOUND('',#1657,.F.);
#1659=ADVANCED_FACE('',(#1658),#1652,.T.);
#1660=CARTESIAN_POINT('',(-2.745343201E1,-1.E0,4.734750823E1));
#1661=DIRECTION('',(0.E0,-1.E0,0.E0));
#1662=DIRECTION('',(1.E0,0.E0,0.E0));
#1663=AXIS2_PLACEMENT_3D('',#1660,#1661,#1662);
#1664=CYLINDRICAL_SURFACE('',#1663,3.E0);
#1666=ORIENTED_EDGE('',*,*,#1665,.F.);
#1668=ORIENTED_EDGE('',*,*,#1667,.T.);
#1669=ORIENTED_EDGE('',*,*,#1525,.T.);
#1671=ORIENTED_EDGE('',*,*,#1670,.F.);
#1672=EDGE_LOOP('',(#1666,#1668,#1669,#1671));
#1673=FACE_OUTER_BOUND('',#1672,.F.);
#1674=ADVANCED_FACE('',(#1673),#1664,.F.);
#1675=CARTESIAN_POINT('',(0.E0,-1.E0,0.E0));
#1676=DIRECTION('',(0.E0,-1.E0,0.E0));
#1677=DIRECTION('',(1.E0,0.E0,0.E0));
#1678=AXIS2_PLACEMENT_3D('',#1675,#1676,#1677);
#1679=PLANE('',#1678);
#1681=ORIENTED_EDGE('',*,*,#1680,.F.);
#1683=ORIENTED_EDGE('',*,*,#1682,.F.);
#1685=ORIENTED_EDGE('',*,*,#1684,.F.);
#1687=ORIENTED_EDGE('',*,*,#1686,.F.);
#1688=EDGE_LOOP('',(#1681,#1683,#1685,#1687));
#1689=FACE_OUTER_BOUND('',#1688,.F.);
#1691=ORIENTED_EDGE('',*,*,#1690,.F.);
#1693=ORIENTED_EDGE('',*,*,#1692,.F.);
#1694=EDGE_LOOP('',(#1691,#1693));
#1695=FACE_BOUND('',#1694,.F.);
#1697=ORIENTED_EDGE('',*,*,#1696,.F.);
#1699=ORIENTED_EDGE('',*,*,#1698,.F.);
#1700=EDGE_LOOP('',(#1697,#1699));
#1701=FACE_BOUND('',#1700,.F.);
#1703=ORIENTED_EDGE('',*,*,#1702,.F.);
#1705=ORIENTED_EDGE('',*,*,#1704,.F.);
#1706=EDGE_LOOP('',(#1703,#1705));
#1707=FACE_BOUND('',#1706,.F.);
#1709=ORIENTED_EDGE('',*,*,#1708,.F.);
#1711=ORIENTED_EDGE('',*,*,#1710,.F.);
#1712=EDGE_LOOP('',(#1709,#1711));
#1713=FACE_BOUND('',#1712,.F.);
#1714=ORIENTED_EDGE('',*,*,#1665,.T.);
#1716=ORIENTED_EDGE('',*,*,#1715,.T.);
#1717=EDGE_LOOP('',(#1714,#1716));
#1718=FACE_BOUND('',#1717,.F.);
#1720=ORIENTED_EDGE('',*,*,#1719,.T.);
#1722=ORIENTED_EDGE('',*,*,#1721,.T.);
#1723=EDGE_LOOP('',(#1720,#1722));
#1724=FACE_BOUND('',#1723,.F.);
#1726=ORIENTED_EDGE('',*,*,#1725,.T.);
#1728=ORIENTED_EDGE('',*,*,#1727,.T.);
#1730=ORIENTED_EDGE('',*,*,#1729,.T.);
#1732=ORIENTED_EDGE('',*,*,#1731,.T.);
#1733=EDGE_LOOP('',(#1726,#1728,#1730,#1732));
#1734=FACE_BOUND('',#1733,.F.);
#1736=ORIENTED_EDGE('',*,*,#1735,.F.);
#1738=ORIENTED_EDGE('',*,*,#1737,.F.);
#1740=ORIENTED_EDGE('',*,*,#1739,.F.);
#1742=ORIENTED_EDGE('',*,*,#1741,.F.);
#1744=ORIENTED_EDGE('',*,*,#1743,.F.);
#1746=ORIENTED_EDGE('',*,*,#1745,.F.);
#1748=ORIENTED_EDGE('',*,*,#1747,.T.);
#1750=ORIENTED_EDGE('',*,*,#1749,.F.);
#1752=ORIENTED_EDGE('',*,*,#1751,.F.);
#1753=EDGE_LOOP('',(#1736,#1738,#1740,#1742,#1744,#1746,#1748,#1750,#1752));
#1754=FACE_BOUND('',#1753,.F.);
#1755=ADVANCED_FACE('',(#1689,#1695,#1701,#1707,#1713,#1718,#1724,#1734,#1754),
#1679,.T.);
#1756=CARTESIAN_POINT('',(-6.759628904373E1,-1.E0,5.634750823E1));
#1757=DIRECTION('',(-1.E0,0.E0,0.E0));
#1758=DIRECTION('',(0.E0,0.E0,-1.E0));
#1759=AXIS2_PLACEMENT_3D('',#1756,#1757,#1758);
#1760=PLANE('',#1759);
#1761=ORIENTED_EDGE('',*,*,#1680,.T.);
#1763=ORIENTED_EDGE('',*,*,#1762,.T.);
#1765=ORIENTED_EDGE('',*,*,#1764,.F.);
#1767=ORIENTED_EDGE('',*,*,#1766,.F.);
#1768=EDGE_LOOP('',(#1761,#1763,#1765,#1767));
#1769=FACE_OUTER_BOUND('',#1768,.F.);
#1770=ADVANCED_FACE('',(#1769),#1760,.T.);
#1771=CARTESIAN_POINT('',(-6.759628904373E1,-1.E0,-2.165249177E1));
#1772=DIRECTION('',(0.E0,0.E0,-1.E0));
#1773=DIRECTION('',(1.E0,0.E0,0.E0));
#1774=AXIS2_PLACEMENT_3D('',#1771,#1772,#1773);
#1775=PLANE('',#1774);
#1776=ORIENTED_EDGE('',*,*,#1686,.T.);
#1778=ORIENTED_EDGE('',*,*,#1777,.T.);
#1780=ORIENTED_EDGE('',*,*,#1779,.F.);
#1781=ORIENTED_EDGE('',*,*,#1762,.F.);
#1782=EDGE_LOOP('',(#1776,#1778,#1780,#1781));
#1783=FACE_OUTER_BOUND('',#1782,.F.);
#1785=ORIENTED_EDGE('',*,*,#1784,.T.);
#1787=ORIENTED_EDGE('',*,*,#1786,.T.);
#1788=EDGE_LOOP('',(#1785,#1787));
#1789=FACE_BOUND('',#1788,.F.);
#1791=ORIENTED_EDGE('',*,*,#1790,.T.);
#1793=ORIENTED_EDGE('',*,*,#1792,.T.);
#1794=EDGE_LOOP('',(#1791,#1793));
#1795=FACE_BOUND('',#1794,.F.);
#1797=ORIENTED_EDGE('',*,*,#1796,.T.);
#1799=ORIENTED_EDGE('',*,*,#1798,.T.);
#1800=EDGE_LOOP('',(#1797,#1799));
#1801=FACE_BOUND('',#1800,.F.);
#1803=ORIENTED_EDGE('',*,*,#1802,.T.);
#1805=ORIENTED_EDGE('',*,*,#1804,.F.);
#1807=ORIENTED_EDGE('',*,*,#1806,.T.);
#1809=ORIENTED_EDGE('',*,*,#1808,.F.);
#1811=ORIENTED_EDGE('',*,*,#1810,.T.);
#1813=ORIENTED_EDGE('',*,*,#1812,.F.);
#1815=ORIENTED_EDGE('',*,*,#1814,.T.);
#1817=ORIENTED_EDGE('',*,*,#1816,.F.);
#1818=EDGE_LOOP('',(#1803,#1805,#1807,#1809,#1811,#1813,#1815,#1817));
#1819=FACE_BOUND('',#1818,.F.);
#1820=ADVANCED_FACE('',(#1783,#1789,#1795,#1801,#1819),#1775,.T.);
#1821=CARTESIAN_POINT('',(1.268942502373E1,-1.E0,-2.165249177E1));
#1822=DIRECTION('',(1.E0,0.E0,0.E0));
#1823=DIRECTION('',(0.E0,0.E0,1.E0));
#1824=AXIS2_PLACEMENT_3D('',#1821,#1822,#1823);
#1825=PLANE('',#1824);
#1826=ORIENTED_EDGE('',*,*,#1684,.T.);
#1828=ORIENTED_EDGE('',*,*,#1827,.T.);
#1830=ORIENTED_EDGE('',*,*,#1829,.F.);
#1831=ORIENTED_EDGE('',*,*,#1777,.F.);
#1832=EDGE_LOOP('',(#1826,#1828,#1830,#1831));
#1833=FACE_OUTER_BOUND('',#1832,.F.);
#1834=ADVANCED_FACE('',(#1833),#1825,.T.);
#1835=CARTESIAN_POINT('',(1.268942502373E1,-1.E0,5.634750823E1));
#1836=DIRECTION('',(0.E0,0.E0,1.E0));
#1837=DIRECTION('',(-1.E0,0.E0,0.E0));
#1838=AXIS2_PLACEMENT_3D('',#1835,#1836,#1837);
#1839=PLANE('',#1838);
#1840=ORIENTED_EDGE('',*,*,#1682,.T.);
#1841=ORIENTED_EDGE('',*,*,#1766,.T.);
#1843=ORIENTED_EDGE('',*,*,#1842,.F.);
#1844=ORIENTED_EDGE('',*,*,#1827,.F.);
#1845=EDGE_LOOP('',(#1840,#1841,#1843,#1844));
#1846=FACE_OUTER_BOUND('',#1845,.F.);
#1847=ADVANCED_FACE('',(#1846),#1839,.T.);
#1848=CARTESIAN_POINT('',(0.E0,1.4E1,0.E0));
#1849=DIRECTION('',(0.E0,-1.E0,0.E0));
#1850=DIRECTION('',(1.E0,0.E0,0.E0));
#1851=AXIS2_PLACEMENT_3D('',#1848,#1849,#1850);
#1852=PLANE('',#1851);
#1853=ORIENTED_EDGE('',*,*,#1764,.T.);
#1854=ORIENTED_EDGE('',*,*,#1779,.T.);
#1855=ORIENTED_EDGE('',*,*,#1829,.T.);
#1856=ORIENTED_EDGE('',*,*,#1842,.T.);
#1857=EDGE_LOOP('',(#1853,#1854,#1855,#1856));
#1858=FACE_OUTER_BOUND('',#1857,.F.);
#1860=ORIENTED_EDGE('',*,*,#1859,.T.);
#1862=ORIENTED_EDGE('',*,*,#1861,.T.);
#1864=ORIENTED_EDGE('',*,*,#1863,.T.);
#1866=ORIENTED_EDGE('',*,*,#1865,.T.);
#1867=EDGE_LOOP('',(#1860,#1862,#1864,#1866));
#1868=FACE_BOUND('',#1867,.F.);
#1869=ADVANCED_FACE('',(#1858,#1868),#1852,.F.);
#1870=CARTESIAN_POINT('',(-6.659628904373E1,-1.E0,5.534750823E1));
#1871=DIRECTION('',(0.E0,0.E0,-1.E0));
#1872=DIRECTION('',(1.E0,0.E0,0.E0));
#1873=AXIS2_PLACEMENT_3D('',#1870,#1871,#1872);
#1874=PLANE('',#1873);
#1876=ORIENTED_EDGE('',*,*,#1875,.F.);
#1877=ORIENTED_EDGE('',*,*,#1493,.T.);
#1879=ORIENTED_EDGE('',*,*,#1878,.T.);
#1880=ORIENTED_EDGE('',*,*,#1859,.F.);
#1881=EDGE_LOOP('',(#1876,#1877,#1879,#1880));
#1882=FACE_OUTER_BOUND('',#1881,.F.);
#1883=ADVANCED_FACE('',(#1882),#1874,.T.);
#1884=CARTESIAN_POINT('',(-6.659628904373E1,-1.E0,-2.065249177E1));
#1885=DIRECTION('',(1.E0,0.E0,0.E0));
#1886=DIRECTION('',(0.E0,0.E0,1.E0));
#1887=AXIS2_PLACEMENT_3D('',#1884,#1885,#1886);
#1888=PLANE('',#1887);
#1889=ORIENTED_EDGE('',*,*,#1875,.T.);
#1890=ORIENTED_EDGE('',*,*,#1865,.F.);
#1892=ORIENTED_EDGE('',*,*,#1891,.F.);
#1893=ORIENTED_EDGE('',*,*,#1495,.T.);
#1894=EDGE_LOOP('',(#1889,#1890,#1892,#1893));
#1895=FACE_OUTER_BOUND('',#1894,.F.);
#1896=ADVANCED_FACE('',(#1895),#1888,.T.);
#1897=CARTESIAN_POINT('',(1.168942502373E1,-1.E0,-2.065249177E1));
#1898=DIRECTION('',(0.E0,0.E0,1.E0));
#1899=DIRECTION('',(-1.E0,0.E0,0.E0));
#1900=AXIS2_PLACEMENT_3D('',#1897,#1898,#1899);
#1901=PLANE('',#1900);
#1903=ORIENTED_EDGE('',*,*,#1902,.F.);
#1904=ORIENTED_EDGE('',*,*,#1497,.F.);
#1905=ORIENTED_EDGE('',*,*,#1891,.T.);
#1906=ORIENTED_EDGE('',*,*,#1863,.F.);
#1907=EDGE_LOOP('',(#1903,#1904,#1905,#1906));
#1908=FACE_OUTER_BOUND('',#1907,.F.);
#1910=ORIENTED_EDGE('',*,*,#1909,.F.);
#1912=ORIENTED_EDGE('',*,*,#1911,.F.);
#1913=EDGE_LOOP('',(#1910,#1912));
#1914=FACE_BOUND('',#1913,.F.);
#1916=ORIENTED_EDGE('',*,*,#1915,.F.);
#1918=ORIENTED_EDGE('',*,*,#1917,.F.);
#1919=EDGE_LOOP('',(#1916,#1918));
#1920=FACE_BOUND('',#1919,.F.);
#1922=ORIENTED_EDGE('',*,*,#1921,.F.);
#1924=ORIENTED_EDGE('',*,*,#1923,.F.);
#1925=EDGE_LOOP('',(#1922,#1924));
#1926=FACE_BOUND('',#1925,.F.);
#1928=ORIENTED_EDGE('',*,*,#1927,.F.);
#1930=ORIENTED_EDGE('',*,*,#1929,.F.);
#1932=ORIENTED_EDGE('',*,*,#1931,.F.);
#1934=ORIENTED_EDGE('',*,*,#1933,.F.);
#1936=ORIENTED_EDGE('',*,*,#1935,.F.);
#1938=ORIENTED_EDGE('',*,*,#1937,.F.);
#1940=ORIENTED_EDGE('',*,*,#1939,.F.);
#1942=ORIENTED_EDGE('',*,*,#1941,.F.);
#1943=EDGE_LOOP('',(#1928,#1930,#1932,#1934,#1936,#1938,#1940,#1942));
#1944=FACE_BOUND('',#1943,.F.);
#1945=ADVANCED_FACE('',(#1908,#1914,#1920,#1926,#1944),#1901,.T.);
#1946=CARTESIAN_POINT('',(1.168942502373E1,-1.E0,5.534750823E1));
#1947=DIRECTION('',(-1.E0,0.E0,0.E0));
#1948=DIRECTION('',(0.E0,0.E0,-1.E0));
#1949=AXIS2_PLACEMENT_3D('',#1946,#1947,#1948);
#1950=PLANE('',#1949);
#1951=ORIENTED_EDGE('',*,*,#1741,.T.);
#1953=ORIENTED_EDGE('',*,*,#1952,.F.);
#1954=ORIENTED_EDGE('',*,*,#1499,.F.);
#1955=ORIENTED_EDGE('',*,*,#1902,.T.);
#1956=ORIENTED_EDGE('',*,*,#1861,.F.);
#1957=ORIENTED_EDGE('',*,*,#1878,.F.);
#1958=ORIENTED_EDGE('',*,*,#1491,.F.);
#1960=ORIENTED_EDGE('',*,*,#1959,.T.);
#1961=EDGE_LOOP('',(#1951,#1953,#1954,#1955,#1956,#1957,#1958,#1960));
#1962=FACE_OUTER_BOUND('',#1961,.F.);
#1963=ADVANCED_FACE('',(#1962),#1950,.T.);
#1964=CARTESIAN_POINT('',(-1.044749070950E1,-1.E0,-8.753333343798E0));
#1965=DIRECTION('',(0.E0,0.E0,-1.E0));
#1966=DIRECTION('',(1.E0,0.E0,0.E0));
#1967=AXIS2_PLACEMENT_3D('',#1964,#1965,#1966);
#1968=PLANE('',#1967);
#1969=ORIENTED_EDGE('',*,*,#1501,.T.);
#1970=ORIENTED_EDGE('',*,*,#1952,.T.);
#1971=ORIENTED_EDGE('',*,*,#1739,.T.);
#1973=ORIENTED_EDGE('',*,*,#1972,.T.);
#1974=EDGE_LOOP('',(#1969,#1970,#1971,#1973));
#1975=FACE_OUTER_BOUND('',#1974,.F.);
#1976=ADVANCED_FACE('',(#1975),#1968,.F.);
#1977=CARTESIAN_POINT('',(-8.947490709502E0,-6.2144E0,-7.253333343798E0));
#1978=DIRECTION('',(0.E0,1.E0,0.E0));
#1979=DIRECTION('',(0.E0,0.E0,-1.E0));
#1980=AXIS2_PLACEMENT_3D('',#1977,#1978,#1979);
#1981=CYLINDRICAL_SURFACE('',#1980,1.5E0);
#1983=ORIENTED_EDGE('',*,*,#1982,.F.);
#1984=ORIENTED_EDGE('',*,*,#1503,.T.);
#1985=ORIENTED_EDGE('',*,*,#1972,.F.);
#1986=ORIENTED_EDGE('',*,*,#1737,.T.);
#1987=EDGE_LOOP('',(#1983,#1984,#1985,#1986));
#1988=FACE_OUTER_BOUND('',#1987,.F.);
#1989=ADVANCED_FACE('',(#1988),#1981,.F.);
#1990=CARTESIAN_POINT('',(-1.006819557352E1,3.3554E1,-9.261820487838E0));
#1991=DIRECTION('',(0.E0,-1.E0,0.E0));
#1992=DIRECTION('',(4.872629843544E-1,0.E0,8.732552800173E-1));
#1993=AXIS2_PLACEMENT_3D('',#1990,#1991,#1992);
#1994=CYLINDRICAL_SURFACE('',#1993,8.E-1);
#1995=ORIENTED_EDGE('',*,*,#1735,.T.);
#1997=ORIENTED_EDGE('',*,*,#1996,.F.);
#1998=ORIENTED_EDGE('',*,*,#1479,.T.);
#1999=ORIENTED_EDGE('',*,*,#1982,.T.);
#2000=EDGE_LOOP('',(#1995,#1997,#1998,#1999));
#2001=FACE_OUTER_BOUND('',#2000,.F.);
#2002=ADVANCED_FACE('',(#2001),#1994,.T.);
#2003=CARTESIAN_POINT('',(-1.355597284767E1,-1.E0,-7.075620674670E0));
#2004=DIRECTION('',(0.E0,-1.E0,0.E0));
#2005=DIRECTION('',(0.E0,0.E0,-1.E0));
#2006=AXIS2_PLACEMENT_3D('',#2003,#2004,#2005);
#2007=CYLINDRICAL_SURFACE('',#2006,3.316316306750E0);
#2008=ORIENTED_EDGE('',*,*,#1996,.T.);
#2009=ORIENTED_EDGE('',*,*,#1751,.T.);
#2011=ORIENTED_EDGE('',*,*,#2010,.T.);
#2012=ORIENTED_EDGE('',*,*,#1481,.T.);
#2013=EDGE_LOOP('',(#2008,#2009,#2011,#2012));
#2014=FACE_OUTER_BOUND('',#2013,.F.);
#2015=ADVANCED_FACE('',(#2014),#2007,.F.);
#2016=CARTESIAN_POINT('',(-1.124749070950E1,-2.0554E1,-3.667546415655E0));
#2017=DIRECTION('',(0.E0,1.E0,0.E0));
#2018=DIRECTION('',(1.E0,0.E0,0.E0));
#2019=AXIS2_PLACEMENT_3D('',#2016,#2017,#2018);
#2020=CYLINDRICAL_SURFACE('',#2019,8.E-1);
#2021=ORIENTED_EDGE('',*,*,#1483,.T.);
#2022=ORIENTED_EDGE('',*,*,#2010,.F.);
#2023=ORIENTED_EDGE('',*,*,#1749,.T.);
#2025=ORIENTED_EDGE('',*,*,#2024,.T.);
#2026=EDGE_LOOP('',(#2021,#2022,#2023,#2025));
#2027=FACE_OUTER_BOUND('',#2026,.F.);
#2028=ADVANCED_FACE('',(#2027),#2020,.T.);
#2029=CARTESIAN_POINT('',(-1.044749070950E1,-1.E0,4.531739514E1));
#2030=DIRECTION('',(-1.E0,0.E0,0.E0));
#2031=DIRECTION('',(0.E0,0.E0,-1.E0));
#2032=AXIS2_PLACEMENT_3D('',#2029,#2030,#2031);
#2033=PLANE('',#2032);
#2034=ORIENTED_EDGE('',*,*,#2024,.F.);
#2035=ORIENTED_EDGE('',*,*,#1747,.F.);
#2037=ORIENTED_EDGE('',*,*,#2036,.T.);
#2038=ORIENTED_EDGE('',*,*,#1485,.T.);
#2039=EDGE_LOOP('',(#2034,#2035,#2037,#2038));
#2040=FACE_OUTER_BOUND('',#2039,.F.);
#2041=ADVANCED_FACE('',(#2040),#2033,.F.);
#2042=CARTESIAN_POINT('',(-8.947490709502E0,-6.2144E0,4.381739514E1));
#2043=DIRECTION('',(0.E0,1.E0,0.E0));
#2044=DIRECTION('',(-1.E0,0.E0,0.E0));
#2045=AXIS2_PLACEMENT_3D('',#2042,#2043,#2044);
#2046=CYLINDRICAL_SURFACE('',#2045,1.5E0);
#2047=ORIENTED_EDGE('',*,*,#2036,.F.);
#2048=ORIENTED_EDGE('',*,*,#1745,.T.);
#2050=ORIENTED_EDGE('',*,*,#2049,.T.);
#2051=ORIENTED_EDGE('',*,*,#1487,.T.);
#2052=EDGE_LOOP('',(#2047,#2048,#2050,#2051));
#2053=FACE_OUTER_BOUND('',#2052,.F.);
#2054=ADVANCED_FACE('',(#2053),#2046,.F.);
#2055=CARTESIAN_POINT('',(1.067008712E1,-1.E0,4.531739514E1));
#2056=DIRECTION('',(0.E0,0.E0,1.E0));
#2057=DIRECTION('',(-1.E0,0.E0,0.E0));
#2058=AXIS2_PLACEMENT_3D('',#2055,#2056,#2057);
#2059=PLANE('',#2058);
#2060=ORIENTED_EDGE('',*,*,#1743,.T.);
#2061=ORIENTED_EDGE('',*,*,#1959,.F.);
#2062=ORIENTED_EDGE('',*,*,#1489,.T.);
#2063=ORIENTED_EDGE('',*,*,#2049,.F.);
#2064=EDGE_LOOP('',(#2060,#2061,#2062,#2063));
#2065=FACE_OUTER_BOUND('',#2064,.F.);
#2066=ADVANCED_FACE('',(#2065),#2059,.F.);
#2067=CARTESIAN_POINT('',(-5.553802490229E1,4.75E0,-2.165249177E1));
#2068=DIRECTION('',(0.E0,0.E0,-1.E0));
#2069=DIRECTION('',(1.E0,0.E0,0.E0));
#2070=AXIS2_PLACEMENT_3D('',#2067,#2068,#2069);
#2071=CYLINDRICAL_SURFACE('',#2070,1.478394737758E0);
#2072=ORIENTED_EDGE('',*,*,#1784,.F.);
#2074=ORIENTED_EDGE('',*,*,#2073,.T.);
#2075=ORIENTED_EDGE('',*,*,#1909,.T.);
#2077=ORIENTED_EDGE('',*,*,#2076,.F.);
#2078=EDGE_LOOP('',(#2072,#2074,#2075,#2077));
#2079=FACE_OUTER_BOUND('',#2078,.F.);
#2080=ADVANCED_FACE('',(#2079),#2071,.F.);
#2081=CARTESIAN_POINT('',(-5.553802490229E1,4.75E0,-2.165249177E1));
#2082=DIRECTION('',(0.E0,0.E0,-1.E0));
#2083=DIRECTION('',(1.E0,0.E0,0.E0));
#2084=AXIS2_PLACEMENT_3D('',#2081,#2082,#2083);
#2085=CYLINDRICAL_SURFACE('',#2084,1.478394737758E0);
#2086=ORIENTED_EDGE('',*,*,#1786,.F.);
#2087=ORIENTED_EDGE('',*,*,#2076,.T.);
#2088=ORIENTED_EDGE('',*,*,#1911,.T.);
#2089=ORIENTED_EDGE('',*,*,#2073,.F.);
#2090=EDGE_LOOP('',(#2086,#2087,#2088,#2089));
#2091=FACE_OUTER_BOUND('',#2090,.F.);
#2092=ADVANCED_FACE('',(#2091),#2085,.F.);
#2093=CARTESIAN_POINT('',(-4.833802490229E1,4.75E0,-2.165249177E1));
#2094=DIRECTION('',(0.E0,0.E0,-1.E0));
#2095=DIRECTION('',(1.E0,0.E0,0.E0));
#2096=AXIS2_PLACEMENT_3D('',#2093,#2094,#2095);
#2097=CYLINDRICAL_SURFACE('',#2096,1.478394737758E0);
#2098=ORIENTED_EDGE('',*,*,#1790,.F.);
#2100=ORIENTED_EDGE('',*,*,#2099,.T.);
#2101=ORIENTED_EDGE('',*,*,#1915,.T.);
#2103=ORIENTED_EDGE('',*,*,#2102,.F.);
#2104=EDGE_LOOP('',(#2098,#2100,#2101,#2103));
#2105=FACE_OUTER_BOUND('',#2104,.F.);
#2106=ADVANCED_FACE('',(#2105),#2097,.F.);
#2107=CARTESIAN_POINT('',(-4.833802490229E1,4.75E0,-2.165249177E1));
#2108=DIRECTION('',(0.E0,0.E0,-1.E0));
#2109=DIRECTION('',(1.E0,0.E0,0.E0));
#2110=AXIS2_PLACEMENT_3D('',#2107,#2108,#2109);
#2111=CYLINDRICAL_SURFACE('',#2110,1.478394737758E0);
#2112=ORIENTED_EDGE('',*,*,#1792,.F.);
#2113=ORIENTED_EDGE('',*,*,#2102,.T.);
#2114=ORIENTED_EDGE('',*,*,#1917,.T.);
#2115=ORIENTED_EDGE('',*,*,#2099,.F.);
#2116=EDGE_LOOP('',(#2112,#2113,#2114,#2115));
#2117=FACE_OUTER_BOUND('',#2116,.F.);
#2118=ADVANCED_FACE('',(#2117),#2111,.F.);
#2119=CARTESIAN_POINT('',(-4.113802490229E1,4.75E0,-2.165249177E1));
#2120=DIRECTION('',(0.E0,0.E0,-1.E0));
#2121=DIRECTION('',(1.E0,0.E0,0.E0));
#2122=AXIS2_PLACEMENT_3D('',#2119,#2120,#2121);
#2123=CYLINDRICAL_SURFACE('',#2122,1.478394737758E0);
#2124=ORIENTED_EDGE('',*,*,#1796,.F.);
#2126=ORIENTED_EDGE('',*,*,#2125,.T.);
#2127=ORIENTED_EDGE('',*,*,#1921,.T.);
#2129=ORIENTED_EDGE('',*,*,#2128,.F.);
#2130=EDGE_LOOP('',(#2124,#2126,#2127,#2129));
#2131=FACE_OUTER_BOUND('',#2130,.F.);
#2132=ADVANCED_FACE('',(#2131),#2123,.F.);
#2133=CARTESIAN_POINT('',(-4.113802490229E1,4.75E0,-2.165249177E1));
#2134=DIRECTION('',(0.E0,0.E0,-1.E0));
#2135=DIRECTION('',(1.E0,0.E0,0.E0));
#2136=AXIS2_PLACEMENT_3D('',#2133,#2134,#2135);
#2137=CYLINDRICAL_SURFACE('',#2136,1.478394737758E0);
#2138=ORIENTED_EDGE('',*,*,#1798,.F.);
#2139=ORIENTED_EDGE('',*,*,#2128,.T.);
#2140=ORIENTED_EDGE('',*,*,#1923,.T.);
#2141=ORIENTED_EDGE('',*,*,#2125,.F.);
#2142=EDGE_LOOP('',(#2138,#2139,#2140,#2141));
#2143=FACE_OUTER_BOUND('',#2142,.F.);
#2144=ADVANCED_FACE('',(#2143),#2137,.F.);
#2145=CARTESIAN_POINT('',(-1.067222839728E1,7.729950056529E0,-2.165249177E1));
#2146=DIRECTION('',(1.E0,0.E0,0.E0));
#2147=DIRECTION('',(0.E0,-1.E0,0.E0));
#2148=AXIS2_PLACEMENT_3D('',#2145,#2146,#2147);
#2149=PLANE('',#2148);
#2151=ORIENTED_EDGE('',*,*,#2150,.T.);
#2152=ORIENTED_EDGE('',*,*,#1927,.T.);
#2154=ORIENTED_EDGE('',*,*,#2153,.F.);
#2155=ORIENTED_EDGE('',*,*,#1806,.F.);
#2156=EDGE_LOOP('',(#2151,#2152,#2154,#2155));
#2157=FACE_OUTER_BOUND('',#2156,.F.);
#2158=ADVANCED_FACE('',(#2157),#2149,.F.);
#2159=CARTESIAN_POINT('',(-1.207222839728E1,6.329950056529E0,
-1.233332917700E2));
#2160=DIRECTION('',(0.E0,0.E0,1.E0));
#2161=DIRECTION('',(1.E0,0.E0,0.E0));
#2162=AXIS2_PLACEMENT_3D('',#2159,#2160,#2161);
#2163=CYLINDRICAL_SURFACE('',#2162,1.4E0);
#2164=ORIENTED_EDGE('',*,*,#2150,.F.);
#2165=ORIENTED_EDGE('',*,*,#1804,.T.);
#2167=ORIENTED_EDGE('',*,*,#2166,.T.);
#2168=ORIENTED_EDGE('',*,*,#1929,.T.);
#2169=EDGE_LOOP('',(#2164,#2165,#2167,#2168));
#2170=FACE_OUTER_BOUND('',#2169,.F.);
#2171=ADVANCED_FACE('',(#2170),#2163,.F.);
#2172=CARTESIAN_POINT('',(-2.067222839728E1,7.729950056529E0,-2.165249177E1));
#2173=DIRECTION('',(0.E0,1.E0,0.E0));
#2174=DIRECTION('',(1.E0,0.E0,0.E0));
#2175=AXIS2_PLACEMENT_3D('',#2172,#2173,#2174);
#2176=PLANE('',#2175);
#2178=ORIENTED_EDGE('',*,*,#2177,.T.);
#2179=ORIENTED_EDGE('',*,*,#1931,.T.);
#2180=ORIENTED_EDGE('',*,*,#2166,.F.);
#2181=ORIENTED_EDGE('',*,*,#1802,.F.);
#2182=EDGE_LOOP('',(#2178,#2179,#2180,#2181));
#2183=FACE_OUTER_BOUND('',#2182,.F.);
#2184=ADVANCED_FACE('',(#2183),#2176,.F.);
#2185=CARTESIAN_POINT('',(-1.927222839728E1,6.329950056529E0,
-1.233332917700E2));
#2186=DIRECTION('',(0.E0,0.E0,1.E0));
#2187=DIRECTION('',(0.E0,1.E0,0.E0));
#2188=AXIS2_PLACEMENT_3D('',#2185,#2186,#2187);
#2189=CYLINDRICAL_SURFACE('',#2188,1.4E0);
#2190=ORIENTED_EDGE('',*,*,#2177,.F.);
#2191=ORIENTED_EDGE('',*,*,#1816,.T.);
#2193=ORIENTED_EDGE('',*,*,#2192,.T.);
#2194=ORIENTED_EDGE('',*,*,#1933,.T.);
#2195=EDGE_LOOP('',(#2190,#2191,#2193,#2194));
#2196=FACE_OUTER_BOUND('',#2195,.F.);
#2197=ADVANCED_FACE('',(#2196),#2189,.F.);
#2198=CARTESIAN_POINT('',(-2.067222839728E1,3.148585894679E0,-2.165249177E1));
#2199=DIRECTION('',(-1.E0,0.E0,0.E0));
#2200=DIRECTION('',(0.E0,1.E0,0.E0));
#2201=AXIS2_PLACEMENT_3D('',#2198,#2199,#2200);
#2202=PLANE('',#2201);
#2203=ORIENTED_EDGE('',*,*,#2192,.F.);
#2204=ORIENTED_EDGE('',*,*,#1814,.F.);
#2206=ORIENTED_EDGE('',*,*,#2205,.T.);
#2207=ORIENTED_EDGE('',*,*,#1935,.T.);
#2208=EDGE_LOOP('',(#2203,#2204,#2206,#2207));
#2209=FACE_OUTER_BOUND('',#2208,.F.);
#2210=ADVANCED_FACE('',(#2209),#2202,.F.);
#2211=CARTESIAN_POINT('',(-1.927222839728E1,4.548585894679E0,
-1.233332917700E2));
#2212=DIRECTION('',(0.E0,0.E0,1.E0));
#2213=DIRECTION('',(-1.E0,0.E0,0.E0));
#2214=AXIS2_PLACEMENT_3D('',#2211,#2212,#2213);
#2215=CYLINDRICAL_SURFACE('',#2214,1.4E0);
#2216=ORIENTED_EDGE('',*,*,#2205,.F.);
#2217=ORIENTED_EDGE('',*,*,#1812,.T.);
#2219=ORIENTED_EDGE('',*,*,#2218,.T.);
#2220=ORIENTED_EDGE('',*,*,#1937,.T.);
#2221=EDGE_LOOP('',(#2216,#2217,#2219,#2220));
#2222=FACE_OUTER_BOUND('',#2221,.F.);
#2223=ADVANCED_FACE('',(#2222),#2215,.F.);
#2224=CARTESIAN_POINT('',(-1.067222839728E1,3.148585894679E0,-2.165249177E1));
#2225=DIRECTION('',(0.E0,-1.E0,0.E0));
#2226=DIRECTION('',(-1.E0,0.E0,0.E0));
#2227=AXIS2_PLACEMENT_3D('',#2224,#2225,#2226);
#2228=PLANE('',#2227);
#2230=ORIENTED_EDGE('',*,*,#2229,.T.);
#2231=ORIENTED_EDGE('',*,*,#1939,.T.);
#2232=ORIENTED_EDGE('',*,*,#2218,.F.);
#2233=ORIENTED_EDGE('',*,*,#1810,.F.);
#2234=EDGE_LOOP('',(#2230,#2231,#2232,#2233));
#2235=FACE_OUTER_BOUND('',#2234,.F.);
#2236=ADVANCED_FACE('',(#2235),#2228,.F.);
#2237=CARTESIAN_POINT('',(-1.207222839728E1,4.548585894679E0,
-1.233332917700E2));
#2238=DIRECTION('',(0.E0,0.E0,1.E0));
#2239=DIRECTION('',(0.E0,-1.E0,0.E0));
#2240=AXIS2_PLACEMENT_3D('',#2237,#2238,#2239);
#2241=CYLINDRICAL_SURFACE('',#2240,1.4E0);
#2242=ORIENTED_EDGE('',*,*,#2229,.F.);
#2243=ORIENTED_EDGE('',*,*,#1808,.T.);
#2244=ORIENTED_EDGE('',*,*,#2153,.T.);
#2245=ORIENTED_EDGE('',*,*,#1941,.T.);
#2246=EDGE_LOOP('',(#2242,#2243,#2244,#2245));
#2247=FACE_OUTER_BOUND('',#2246,.F.);
#2248=ADVANCED_FACE('',(#2247),#2241,.F.);
#2249=CARTESIAN_POINT('',(-6.170345368E1,3.E0,5.059752936E1));
#2250=DIRECTION('',(0.E0,-1.E0,0.E0));
#2251=DIRECTION('',(1.E0,0.E0,0.E0));
#2252=AXIS2_PLACEMENT_3D('',#2249,#2250,#2251);
#2253=CYLINDRICAL_SURFACE('',#2252,1.6E0);
#2254=ORIENTED_EDGE('',*,*,#1439,.F.);
#2256=ORIENTED_EDGE('',*,*,#2255,.T.);
#2257=ORIENTED_EDGE('',*,*,#1690,.T.);
#2259=ORIENTED_EDGE('',*,*,#2258,.F.);
#2260=EDGE_LOOP('',(#2254,#2256,#2257,#2259));
#2261=FACE_OUTER_BOUND('',#2260,.F.);
#2262=ADVANCED_FACE('',(#2261),#2253,.F.);
#2263=CARTESIAN_POINT('',(-6.170345368E1,3.E0,5.059752936E1));
#2264=DIRECTION('',(0.E0,-1.E0,0.E0));
#2265=DIRECTION('',(1.E0,0.E0,0.E0));
#2266=AXIS2_PLACEMENT_3D('',#2263,#2264,#2265);
#2267=CYLINDRICAL_SURFACE('',#2266,1.6E0);
#2268=ORIENTED_EDGE('',*,*,#1441,.F.);
#2269=ORIENTED_EDGE('',*,*,#2258,.T.);
#2270=ORIENTED_EDGE('',*,*,#1692,.T.);
#2271=ORIENTED_EDGE('',*,*,#2255,.F.);
#2272=EDGE_LOOP('',(#2268,#2269,#2270,#2271));
#2273=FACE_OUTER_BOUND('',#2272,.F.);
#2274=ADVANCED_FACE('',(#2273),#2267,.F.);
#2275=CARTESIAN_POINT('',(6.79658966E0,3.E0,5.059752936E1));
#2276=DIRECTION('',(0.E0,-1.E0,0.E0));
#2277=DIRECTION('',(1.E0,0.E0,0.E0));
#2278=AXIS2_PLACEMENT_3D('',#2275,#2276,#2277);
#2279=CYLINDRICAL_SURFACE('',#2278,1.6E0);
#2280=ORIENTED_EDGE('',*,*,#1421,.F.);
#2282=ORIENTED_EDGE('',*,*,#2281,.T.);
#2283=ORIENTED_EDGE('',*,*,#1696,.T.);
#2285=ORIENTED_EDGE('',*,*,#2284,.F.);
#2286=EDGE_LOOP('',(#2280,#2282,#2283,#2285));
#2287=FACE_OUTER_BOUND('',#2286,.F.);
#2288=ADVANCED_FACE('',(#2287),#2279,.F.);
#2289=CARTESIAN_POINT('',(6.79658966E0,3.E0,5.059752936E1));
#2290=DIRECTION('',(0.E0,-1.E0,0.E0));
#2291=DIRECTION('',(1.E0,0.E0,0.E0));
#2292=AXIS2_PLACEMENT_3D('',#2289,#2290,#2291);
#2293=CYLINDRICAL_SURFACE('',#2292,1.6E0);
#2294=ORIENTED_EDGE('',*,*,#1423,.F.);
#2295=ORIENTED_EDGE('',*,*,#2284,.T.);
#2296=ORIENTED_EDGE('',*,*,#1698,.T.);
#2297=ORIENTED_EDGE('',*,*,#2281,.F.);
#2298=EDGE_LOOP('',(#2294,#2295,#2296,#2297));
#2299=FACE_OUTER_BOUND('',#2298,.F.);
#2300=ADVANCED_FACE('',(#2299),#2293,.F.);
#2301=CARTESIAN_POINT('',(-6.170345368E1,3.E0,-1.59025129E1));
#2302=DIRECTION('',(0.E0,-1.E0,0.E0));
#2303=DIRECTION('',(1.E0,0.E0,0.E0));
#2304=AXIS2_PLACEMENT_3D('',#2301,#2302,#2303);
#2305=CYLINDRICAL_SURFACE('',#2304,1.6E0);
#2306=ORIENTED_EDGE('',*,*,#1385,.F.);
#2308=ORIENTED_EDGE('',*,*,#2307,.T.);
#2309=ORIENTED_EDGE('',*,*,#1702,.T.);
#2311=ORIENTED_EDGE('',*,*,#2310,.F.);
#2312=EDGE_LOOP('',(#2306,#2308,#2309,#2311));
#2313=FACE_OUTER_BOUND('',#2312,.F.);
#2314=ADVANCED_FACE('',(#2313),#2305,.F.);
#2315=CARTESIAN_POINT('',(-6.170345368E1,3.E0,-1.59025129E1));
#2316=DIRECTION('',(0.E0,-1.E0,0.E0));
#2317=DIRECTION('',(1.E0,0.E0,0.E0));
#2318=AXIS2_PLACEMENT_3D('',#2315,#2316,#2317);
#2319=CYLINDRICAL_SURFACE('',#2318,1.6E0);
#2320=ORIENTED_EDGE('',*,*,#1387,.F.);
#2321=ORIENTED_EDGE('',*,*,#2310,.T.);
#2322=ORIENTED_EDGE('',*,*,#1704,.T.);
#2323=ORIENTED_EDGE('',*,*,#2307,.F.);
#2324=EDGE_LOOP('',(#2320,#2321,#2322,#2323));
#2325=FACE_OUTER_BOUND('',#2324,.F.);
#2326=ADVANCED_FACE('',(#2325),#2319,.F.);
#2327=CARTESIAN_POINT('',(6.79658966E0,3.E0,-1.59025129E1));
#2328=DIRECTION('',(0.E0,-1.E0,0.E0));
#2329=DIRECTION('',(1.E0,0.E0,0.E0));
#2330=AXIS2_PLACEMENT_3D('',#2327,#2328,#2329);
#2331=CYLINDRICAL_SURFACE('',#2330,1.6E0);
#2332=ORIENTED_EDGE('',*,*,#1403,.F.);
#2334=ORIENTED_EDGE('',*,*,#2333,.T.);
#2335=ORIENTED_EDGE('',*,*,#1708,.T.);
#2337=ORIENTED_EDGE('',*,*,#2336,.F.);
#2338=EDGE_LOOP('',(#2332,#2334,#2335,#2337));
#2339=FACE_OUTER_BOUND('',#2338,.F.);
#2340=ADVANCED_FACE('',(#2339),#2331,.F.);
#2341=CARTESIAN_POINT('',(6.79658966E0,3.E0,-1.59025129E1));
#2342=DIRECTION('',(0.E0,-1.E0,0.E0));
#2343=DIRECTION('',(1.E0,0.E0,0.E0));
#2344=AXIS2_PLACEMENT_3D('',#2341,#2342,#2343);
#2345=CYLINDRICAL_SURFACE('',#2344,1.6E0);
#2346=ORIENTED_EDGE('',*,*,#1405,.F.);
#2347=ORIENTED_EDGE('',*,*,#2336,.T.);
#2348=ORIENTED_EDGE('',*,*,#1710,.T.);
#2349=ORIENTED_EDGE('',*,*,#2333,.F.);
#2350=EDGE_LOOP('',(#2346,#2347,#2348,#2349));
#2351=FACE_OUTER_BOUND('',#2350,.F.);
#2352=ADVANCED_FACE('',(#2351),#2345,.F.);
#2353=CARTESIAN_POINT('',(-2.745343201E1,-1.E0,4.734750823E1));
#2354=DIRECTION('',(0.E0,-1.E0,0.E0));
#2355=DIRECTION('',(1.E0,0.E0,0.E0));
#2356=AXIS2_PLACEMENT_3D('',#2353,#2354,#2355);
#2357=CYLINDRICAL_SURFACE('',#2356,3.E0);
#2358=ORIENTED_EDGE('',*,*,#1715,.F.);
#2359=ORIENTED_EDGE('',*,*,#1670,.T.);
#2360=ORIENTED_EDGE('',*,*,#1527,.T.);
#2361=ORIENTED_EDGE('',*,*,#1667,.F.);
#2362=EDGE_LOOP('',(#2358,#2359,#2360,#2361));
#2363=FACE_OUTER_BOUND('',#2362,.F.);
#2364=ADVANCED_FACE('',(#2363),#2357,.F.);
#2365=CARTESIAN_POINT('',(-2.745343201E1,-1.E0,-1.265249177E1));
#2366=DIRECTION('',(0.E0,-1.E0,0.E0));
#2367=DIRECTION('',(1.E0,0.E0,0.E0));
#2368=AXIS2_PLACEMENT_3D('',#2365,#2366,#2367);
#2369=CYLINDRICAL_SURFACE('',#2368,3.E0);
#2370=ORIENTED_EDGE('',*,*,#1719,.F.);
#2372=ORIENTED_EDGE('',*,*,#2371,.T.);
#2373=ORIENTED_EDGE('',*,*,#1531,.T.);
#2375=ORIENTED_EDGE('',*,*,#2374,.F.);
#2376=EDGE_LOOP('',(#2370,#2372,#2373,#2375));
#2377=FACE_OUTER_BOUND('',#2376,.F.);
#2378=ADVANCED_FACE('',(#2377),#2369,.F.);
#2379=CARTESIAN_POINT('',(-2.745343201E1,-1.E0,-1.265249177E1));
#2380=DIRECTION('',(0.E0,-1.E0,0.E0));
#2381=DIRECTION('',(1.E0,0.E0,0.E0));
#2382=AXIS2_PLACEMENT_3D('',#2379,#2380,#2381);
#2383=CYLINDRICAL_SURFACE('',#2382,3.E0);
#2384=ORIENTED_EDGE('',*,*,#1721,.F.);
#2385=ORIENTED_EDGE('',*,*,#2374,.T.);
#2386=ORIENTED_EDGE('',*,*,#1533,.T.);
#2387=ORIENTED_EDGE('',*,*,#2371,.F.);
#2388=EDGE_LOOP('',(#2384,#2385,#2386,#2387));
#2389=FACE_OUTER_BOUND('',#2388,.F.);
#2390=ADVANCED_FACE('',(#2389),#2383,.F.);
#2391=CARTESIAN_POINT('',(-6.450567347376E1,-1.E0,4.397092957990E1));
#2392=DIRECTION('',(-1.E0,0.E0,0.E0));
#2393=DIRECTION('',(0.E0,0.E0,-1.E0));
#2394=AXIS2_PLACEMENT_3D('',#2391,#2392,#2393);
#2395=PLANE('',#2394);
#2396=ORIENTED_EDGE('',*,*,#1725,.F.);
#2398=ORIENTED_EDGE('',*,*,#2397,.T.);
#2399=ORIENTED_EDGE('',*,*,#1537,.T.);
#2401=ORIENTED_EDGE('',*,*,#2400,.F.);
#2402=EDGE_LOOP('',(#2396,#2398,#2399,#2401));
#2403=FACE_OUTER_BOUND('',#2402,.F.);
#2404=ADVANCED_FACE('',(#2403),#2395,.F.);
#2405=CARTESIAN_POINT('',(-5.531900825913E1,-1.E0,4.397092957990E1));
#2406=DIRECTION('',(0.E0,0.E0,1.E0));
#2407=DIRECTION('',(-1.E0,0.E0,0.E0));
#2408=AXIS2_PLACEMENT_3D('',#2405,#2406,#2407);
#2409=PLANE('',#2408);
#2410=ORIENTED_EDGE('',*,*,#1731,.F.);
#2412=ORIENTED_EDGE('',*,*,#2411,.T.);
#2413=ORIENTED_EDGE('',*,*,#1539,.T.);
#2414=ORIENTED_EDGE('',*,*,#2397,.F.);
#2415=EDGE_LOOP('',(#2410,#2412,#2413,#2414));
#2416=FACE_OUTER_BOUND('',#2415,.F.);
#2417=ADVANCED_FACE('',(#2416),#2409,.F.);
#2418=CARTESIAN_POINT('',(-5.531900825913E1,-1.E0,3.464770100742E1));
#2419=DIRECTION('',(1.E0,0.E0,0.E0));
#2420=DIRECTION('',(0.E0,0.E0,1.E0));
#2421=AXIS2_PLACEMENT_3D('',#2418,#2419,#2420);
#2422=PLANE('',#2421);
#2423=ORIENTED_EDGE('',*,*,#1729,.F.);
#2425=ORIENTED_EDGE('',*,*,#2424,.T.);
#2426=ORIENTED_EDGE('',*,*,#1541,.T.);
#2427=ORIENTED_EDGE('',*,*,#2411,.F.);
#2428=EDGE_LOOP('',(#2423,#2425,#2426,#2427));
#2429=FACE_OUTER_BOUND('',#2428,.F.);
#2430=ADVANCED_FACE('',(#2429),#2422,.F.);
#2431=CARTESIAN_POINT('',(-6.450567347376E1,-1.E0,3.464770100742E1));
#2432=DIRECTION('',(0.E0,0.E0,-1.E0));
#2433=DIRECTION('',(1.E0,0.E0,0.E0));
#2434=AXIS2_PLACEMENT_3D('',#2431,#2432,#2433);
#2435=PLANE('',#2434);
#2436=ORIENTED_EDGE('',*,*,#1727,.F.);
#2437=ORIENTED_EDGE('',*,*,#2400,.T.);
#2438=ORIENTED_EDGE('',*,*,#1543,.T.);
#2439=ORIENTED_EDGE('',*,*,#2424,.F.);
#2440=EDGE_LOOP('',(#2436,#2437,#2438,#2439));
#2441=FACE_OUTER_BOUND('',#2440,.F.);
#2442=ADVANCED_FACE('',(#2441),#2435,.F.);
#2443=CARTESIAN_POINT('',(-4.339628904373E1,2.E0,4.634750823E1));
#2444=DIRECTION('',(1.E0,0.E0,0.E0));
#2445=DIRECTION('',(0.E0,0.E0,-1.E0));
#2446=AXIS2_PLACEMENT_3D('',#2443,#2444,#2445);
#2447=PLANE('',#2446);
#2448=ORIENTED_EDGE('',*,*,#1547,.F.);
#2450=ORIENTED_EDGE('',*,*,#2449,.T.);
#2452=ORIENTED_EDGE('',*,*,#2451,.T.);
#2454=ORIENTED_EDGE('',*,*,#2453,.F.);
#2455=EDGE_LOOP('',(#2448,#2450,#2452,#2454));
#2456=FACE_OUTER_BOUND('',#2455,.F.);
#2457=ADVANCED_FACE('',(#2456),#2447,.T.);
#2458=CARTESIAN_POINT('',(-5.059628904373E1,2.E0,4.634750823E1));
#2459=DIRECTION('',(0.E0,0.E0,1.E0));
#2460=DIRECTION('',(1.E0,0.E0,0.E0));
#2461=AXIS2_PLACEMENT_3D('',#2458,#2459,#2460);
#2462=PLANE('',#2461);
#2463=ORIENTED_EDGE('',*,*,#1553,.F.);
#2465=ORIENTED_EDGE('',*,*,#2464,.T.);
#2467=ORIENTED_EDGE('',*,*,#2466,.T.);
#2468=ORIENTED_EDGE('',*,*,#2449,.F.);
#2469=EDGE_LOOP('',(#2463,#2465,#2467,#2468));
#2470=FACE_OUTER_BOUND('',#2469,.F.);
#2471=ADVANCED_FACE('',(#2470),#2462,.T.);
#2472=CARTESIAN_POINT('',(-5.059628904373E1,2.E0,3.414750823E1));
#2473=DIRECTION('',(-1.E0,0.E0,0.E0));
#2474=DIRECTION('',(0.E0,0.E0,1.E0));
#2475=AXIS2_PLACEMENT_3D('',#2472,#2473,#2474);
#2476=PLANE('',#2475);
#2477=ORIENTED_EDGE('',*,*,#1551,.F.);
#2479=ORIENTED_EDGE('',*,*,#2478,.T.);
#2481=ORIENTED_EDGE('',*,*,#2480,.T.);
#2482=ORIENTED_EDGE('',*,*,#2464,.F.);
#2483=EDGE_LOOP('',(#2477,#2479,#2481,#2482));
#2484=FACE_OUTER_BOUND('',#2483,.F.);
#2485=ADVANCED_FACE('',(#2484),#2476,.T.);
#2486=CARTESIAN_POINT('',(-4.339628904373E1,2.E0,3.414750823E1));
#2487=DIRECTION('',(0.E0,0.E0,-1.E0));
#2488=DIRECTION('',(-1.E0,0.E0,0.E0));
#2489=AXIS2_PLACEMENT_3D('',#2486,#2487,#2488);
#2490=PLANE('',#2489);
#2491=ORIENTED_EDGE('',*,*,#1549,.F.);
#2492=ORIENTED_EDGE('',*,*,#2453,.T.);
#2494=ORIENTED_EDGE('',*,*,#2493,.T.);
#2495=ORIENTED_EDGE('',*,*,#2478,.F.);
#2496=EDGE_LOOP('',(#2491,#2492,#2494,#2495));
#2497=FACE_OUTER_BOUND('',#2496,.F.);
#2498=ADVANCED_FACE('',(#2497),#2490,.T.);
#2499=CARTESIAN_POINT('',(0.E0,3.5E0,0.E0));
#2500=DIRECTION('',(0.E0,1.E0,0.E0));
#2501=DIRECTION('',(-1.E0,0.E0,0.E0));
#2502=AXIS2_PLACEMENT_3D('',#2499,#2500,#2501);
#2503=PLANE('',#2502);
#2504=ORIENTED_EDGE('',*,*,#2451,.F.);
#2505=ORIENTED_EDGE('',*,*,#2466,.F.);
#2506=ORIENTED_EDGE('',*,*,#2480,.F.);
#2507=ORIENTED_EDGE('',*,*,#2493,.F.);
#2508=EDGE_LOOP('',(#2504,#2505,#2506,#2507));
#2509=FACE_OUTER_BOUND('',#2508,.F.);
#2511=ORIENTED_EDGE('',*,*,#2510,.F.);
#2513=ORIENTED_EDGE('',*,*,#2512,.F.);
#2515=ORIENTED_EDGE('',*,*,#2514,.F.);
#2517=ORIENTED_EDGE('',*,*,#2516,.F.);
#2518=EDGE_LOOP('',(#2511,#2513,#2515,#2517));
#2519=FACE_BOUND('',#2518,.F.);
#2520=ADVANCED_FACE('',(#2509,#2519),#2503,.T.);
#2521=CARTESIAN_POINT('',(0.E0,3.5E0,0.E0));
#2522=DIRECTION('',(0.E0,1.E0,0.E0));
#2523=DIRECTION('',(-1.E0,0.E0,0.E0));
#2524=AXIS2_PLACEMENT_3D('',#2521,#2522,#2523);
#2525=PLANE('',#2524);
#2527=ORIENTED_EDGE('',*,*,#2526,.F.);
#2529=ORIENTED_EDGE('',*,*,#2528,.F.);
#2531=ORIENTED_EDGE('',*,*,#2530,.F.);
#2533=ORIENTED_EDGE('',*,*,#2532,.F.);
#2534=EDGE_LOOP('',(#2527,#2529,#2531,#2533));
#2535=FACE_OUTER_BOUND('',#2534,.F.);
#2537=ORIENTED_EDGE('',*,*,#2536,.F.);
#2539=ORIENTED_EDGE('',*,*,#2538,.F.);
#2541=ORIENTED_EDGE('',*,*,#2540,.F.);
#2543=ORIENTED_EDGE('',*,*,#2542,.F.);
#2544=EDGE_LOOP('',(#2537,#2539,#2541,#2543));
#2545=FACE_BOUND('',#2544,.F.);
#2546=ADVANCED_FACE('',(#2535,#2545),#2525,.T.);
#2547=CARTESIAN_POINT('',(0.E0,3.5E0,0.E0));
#2548=DIRECTION('',(0.E0,1.E0,0.E0));
#2549=DIRECTION('',(-1.E0,0.E0,0.E0));
#2550=AXIS2_PLACEMENT_3D('',#2547,#2548,#2549);
#2551=PLANE('',#2550);
#2553=ORIENTED_EDGE('',*,*,#2552,.F.);
#2555=ORIENTED_EDGE('',*,*,#2554,.F.);
#2557=ORIENTED_EDGE('',*,*,#2556,.F.);
#2559=ORIENTED_EDGE('',*,*,#2558,.F.);
#2560=EDGE_LOOP('',(#2553,#2555,#2557,#2559));
#2561=FACE_OUTER_BOUND('',#2560,.F.);
#2563=ORIENTED_EDGE('',*,*,#2562,.F.);
#2565=ORIENTED_EDGE('',*,*,#2564,.F.);
#2567=ORIENTED_EDGE('',*,*,#2566,.F.);
#2569=ORIENTED_EDGE('',*,*,#2568,.F.);
#2570=EDGE_LOOP('',(#2563,#2565,#2567,#2569));
#2571=FACE_BOUND('',#2570,.F.);
#2572=ADVANCED_FACE('',(#2561,#2571),#2551,.T.);
#2573=CARTESIAN_POINT('',(-4.439628904373E1,2.E0,4.534750823E1));
#2574=DIRECTION('',(0.E0,0.E0,-1.E0));
#2575=DIRECTION('',(-1.E0,0.E0,0.E0));
#2576=AXIS2_PLACEMENT_3D('',#2573,#2574,#2575);
#2577=PLANE('',#2576);
#2579=ORIENTED_EDGE('',*,*,#2578,.T.);
#2581=ORIENTED_EDGE('',*,*,#2580,.T.);
#2583=ORIENTED_EDGE('',*,*,#2582,.T.);
#2584=ORIENTED_EDGE('',*,*,#2510,.T.);
#2585=EDGE_LOOP('',(#2579,#2581,#2583,#2584));
#2586=FACE_OUTER_BOUND('',#2585,.F.);
#2587=ADVANCED_FACE('',(#2586),#2577,.T.);
#2588=CARTESIAN_POINT('',(-4.959628904373E1,2.E0,4.534750823E1));
#2589=DIRECTION('',(1.E0,0.E0,0.E0));
#2590=DIRECTION('',(0.E0,0.E0,-1.E0));
#2591=AXIS2_PLACEMENT_3D('',#2588,#2589,#2590);
#2592=PLANE('',#2591);
#2594=ORIENTED_EDGE('',*,*,#2593,.T.);
#2596=ORIENTED_EDGE('',*,*,#2595,.T.);
#2597=ORIENTED_EDGE('',*,*,#2578,.F.);
#2598=ORIENTED_EDGE('',*,*,#2516,.T.);
#2599=EDGE_LOOP('',(#2594,#2596,#2597,#2598));
#2600=FACE_OUTER_BOUND('',#2599,.F.);
#2601=ADVANCED_FACE('',(#2600),#2592,.T.);
#2602=CARTESIAN_POINT('',(-4.959628904373E1,2.E0,3.514750823E1));
#2603=DIRECTION('',(0.E0,0.E0,1.E0));
#2604=DIRECTION('',(1.E0,0.E0,0.E0));
#2605=AXIS2_PLACEMENT_3D('',#2602,#2603,#2604);
#2606=PLANE('',#2605);
#2608=ORIENTED_EDGE('',*,*,#2607,.T.);
#2610=ORIENTED_EDGE('',*,*,#2609,.T.);
#2611=ORIENTED_EDGE('',*,*,#2593,.F.);
#2612=ORIENTED_EDGE('',*,*,#2514,.T.);
#2613=EDGE_LOOP('',(#2608,#2610,#2611,#2612));
#2614=FACE_OUTER_BOUND('',#2613,.F.);
#2615=ADVANCED_FACE('',(#2614),#2606,.T.);
#2616=CARTESIAN_POINT('',(-4.439628904373E1,2.E0,3.514750823E1));
#2617=DIRECTION('',(-1.E0,0.E0,0.E0));
#2618=DIRECTION('',(0.E0,0.E0,1.E0));
#2619=AXIS2_PLACEMENT_3D('',#2616,#2617,#2618);
#2620=PLANE('',#2619);
#2621=ORIENTED_EDGE('',*,*,#2582,.F.);
#2623=ORIENTED_EDGE('',*,*,#2622,.T.);
#2624=ORIENTED_EDGE('',*,*,#2607,.F.);
#2625=ORIENTED_EDGE('',*,*,#2512,.T.);
#2626=EDGE_LOOP('',(#2621,#2623,#2624,#2625));
#2627=FACE_OUTER_BOUND('',#2626,.F.);
#2628=ADVANCED_FACE('',(#2627),#2620,.T.);
#2629=CARTESIAN_POINT('',(0.E0,5.E-1,0.E0));
#2630=DIRECTION('',(0.E0,1.E0,0.E0));
#2631=DIRECTION('',(-1.E0,0.E0,0.E0));
#2632=AXIS2_PLACEMENT_3D('',#2629,#2630,#2631);
#2633=PLANE('',#2632);
#2634=ORIENTED_EDGE('',*,*,#2622,.F.);
#2635=ORIENTED_EDGE('',*,*,#2580,.F.);
#2636=ORIENTED_EDGE('',*,*,#2595,.F.);
#2637=ORIENTED_EDGE('',*,*,#2609,.F.);
#2638=EDGE_LOOP('',(#2634,#2635,#2636,#2637));
#2639=FACE_OUTER_BOUND('',#2638,.F.);
#2640=ADVANCED_FACE('',(#2639),#2633,.T.);
#2641=CARTESIAN_POINT('',(0.E0,5.E-1,0.E0));
#2642=DIRECTION('',(0.E0,1.E0,0.E0));
#2643=DIRECTION('',(-1.E0,0.E0,0.E0));
#2644=AXIS2_PLACEMENT_3D('',#2641,#2642,#2643);
#2645=PLANE('',#2644);
#2647=ORIENTED_EDGE('',*,*,#2646,.F.);
#2649=ORIENTED_EDGE('',*,*,#2648,.F.);
#2651=ORIENTED_EDGE('',*,*,#2650,.F.);
#2653=ORIENTED_EDGE('',*,*,#2652,.F.);
#2654=EDGE_LOOP('',(#2647,#2649,#2651,#2653));
#2655=FACE_OUTER_BOUND('',#2654,.F.);
#2656=ADVANCED_FACE('',(#2655),#2645,.T.);
#2657=CARTESIAN_POINT('',(0.E0,5.E-1,0.E0));
#2658=DIRECTION('',(0.E0,1.E0,0.E0));
#2659=DIRECTION('',(-1.E0,0.E0,0.E0));
#2660=AXIS2_PLACEMENT_3D('',#2657,#2658,#2659);
#2661=PLANE('',#2660);
#2663=ORIENTED_EDGE('',*,*,#2662,.F.);
#2665=ORIENTED_EDGE('',*,*,#2664,.F.);
#2667=ORIENTED_EDGE('',*,*,#2666,.F.);
#2669=ORIENTED_EDGE('',*,*,#2668,.F.);
#2670=EDGE_LOOP('',(#2663,#2665,#2667,#2669));
#2671=FACE_OUTER_BOUND('',#2670,.F.);
#2672=ADVANCED_FACE('',(#2671),#2661,.T.);
#2673=CARTESIAN_POINT('',(-4.439628904373E1,2.E0,-1.065249177E1));
#2674=DIRECTION('',(-1.E0,0.E0,0.E0));
#2675=DIRECTION('',(0.E0,0.E0,1.E0));
#2676=AXIS2_PLACEMENT_3D('',#2673,#2674,#2675);
#2677=PLANE('',#2676);
#2679=ORIENTED_EDGE('',*,*,#2678,.F.);
#2680=ORIENTED_EDGE('',*,*,#2646,.T.);
#2682=ORIENTED_EDGE('',*,*,#2681,.F.);
#2683=ORIENTED_EDGE('',*,*,#2536,.T.);
#2684=EDGE_LOOP('',(#2679,#2680,#2682,#2683));
#2685=FACE_OUTER_BOUND('',#2684,.F.);
#2686=ADVANCED_FACE('',(#2685),#2677,.T.);
#2687=CARTESIAN_POINT('',(-4.439628904373E1,2.E0,-4.5249177E-1));
#2688=DIRECTION('',(0.E0,0.E0,-1.E0));
#2689=DIRECTION('',(-1.E0,0.E0,0.E0));
#2690=AXIS2_PLACEMENT_3D('',#2687,#2688,#2689);
#2691=PLANE('',#2690);
#2693=ORIENTED_EDGE('',*,*,#2692,.T.);
#2694=ORIENTED_EDGE('',*,*,#2648,.T.);
#2695=ORIENTED_EDGE('',*,*,#2678,.T.);
#2696=ORIENTED_EDGE('',*,*,#2542,.T.);
#2697=EDGE_LOOP('',(#2693,#2694,#2695,#2696));
#2698=FACE_OUTER_BOUND('',#2697,.F.);
#2699=ADVANCED_FACE('',(#2698),#2691,.T.);
#2700=CARTESIAN_POINT('',(-4.959628904373E1,2.E0,-4.5249177E-1));
#2701=DIRECTION('',(1.E0,0.E0,0.E0));
#2702=DIRECTION('',(0.E0,0.E0,-1.E0));
#2703=AXIS2_PLACEMENT_3D('',#2700,#2701,#2702);
#2704=PLANE('',#2703);
#2706=ORIENTED_EDGE('',*,*,#2705,.T.);
#2707=ORIENTED_EDGE('',*,*,#2650,.T.);
#2708=ORIENTED_EDGE('',*,*,#2692,.F.);
#2709=ORIENTED_EDGE('',*,*,#2540,.T.);
#2710=EDGE_LOOP('',(#2706,#2707,#2708,#2709));
#2711=FACE_OUTER_BOUND('',#2710,.F.);
#2712=ADVANCED_FACE('',(#2711),#2704,.T.);
#2713=CARTESIAN_POINT('',(-4.959628904373E1,2.E0,-1.065249177E1));
#2714=DIRECTION('',(0.E0,0.E0,1.E0));
#2715=DIRECTION('',(1.E0,0.E0,0.E0));
#2716=AXIS2_PLACEMENT_3D('',#2713,#2714,#2715);
#2717=PLANE('',#2716);
#2718=ORIENTED_EDGE('',*,*,#2681,.T.);
#2719=ORIENTED_EDGE('',*,*,#2652,.T.);
#2720=ORIENTED_EDGE('',*,*,#2705,.F.);
#2721=ORIENTED_EDGE('',*,*,#2538,.T.);
#2722=EDGE_LOOP('',(#2718,#2719,#2720,#2721));
#2723=FACE_OUTER_BOUND('',#2722,.F.);
#2724=ADVANCED_FACE('',(#2723),#2717,.T.);
#2725=CARTESIAN_POINT('',(-1.433483385606E1,2.E0,1.252580596138E1));
#2726=DIRECTION('',(-1.E0,0.E0,0.E0));
#2727=DIRECTION('',(0.E0,0.E0,1.E0));
#2728=AXIS2_PLACEMENT_3D('',#2725,#2726,#2727);
#2729=PLANE('',#2728);
#2731=ORIENTED_EDGE('',*,*,#2730,.F.);
#2732=ORIENTED_EDGE('',*,*,#2662,.T.);
#2734=ORIENTED_EDGE('',*,*,#2733,.F.);
#2735=ORIENTED_EDGE('',*,*,#2564,.T.);
#2736=EDGE_LOOP('',(#2731,#2732,#2734,#2735));
#2737=FACE_OUTER_BOUND('',#2736,.F.);
#2738=ADVANCED_FACE('',(#2737),#2729,.T.);
#2739=CARTESIAN_POINT('',(-1.433483385606E1,2.E0,2.216921049862E1));
#2740=DIRECTION('',(0.E0,0.E0,-1.E0));
#2741=DIRECTION('',(-1.E0,0.E0,0.E0));
#2742=AXIS2_PLACEMENT_3D('',#2739,#2740,#2741);
#2743=PLANE('',#2742);
#2745=ORIENTED_EDGE('',*,*,#2744,.T.);
#2746=ORIENTED_EDGE('',*,*,#2664,.T.);
#2747=ORIENTED_EDGE('',*,*,#2730,.T.);
#2748=ORIENTED_EDGE('',*,*,#2562,.T.);
#2749=EDGE_LOOP('',(#2745,#2746,#2747,#2748));
#2750=FACE_OUTER_BOUND('',#2749,.F.);
#2751=ADVANCED_FACE('',(#2750),#2743,.T.);
#2752=CARTESIAN_POINT('',(-1.953483385606E1,2.E0,2.216921049862E1));
#2753=DIRECTION('',(1.E0,0.E0,0.E0));
#2754=DIRECTION('',(0.E0,0.E0,-1.E0));
#2755=AXIS2_PLACEMENT_3D('',#2752,#2753,#2754);
#2756=PLANE('',#2755);
#2758=ORIENTED_EDGE('',*,*,#2757,.T.);
#2759=ORIENTED_EDGE('',*,*,#2666,.T.);
#2760=ORIENTED_EDGE('',*,*,#2744,.F.);
#2761=ORIENTED_EDGE('',*,*,#2568,.T.);
#2762=EDGE_LOOP('',(#2758,#2759,#2760,#2761));
#2763=FACE_OUTER_BOUND('',#2762,.F.);
#2764=ADVANCED_FACE('',(#2763),#2756,.T.);
#2765=CARTESIAN_POINT('',(-1.953483385606E1,2.E0,1.252580596138E1));
#2766=DIRECTION('',(0.E0,0.E0,1.E0));
#2767=DIRECTION('',(1.E0,0.E0,0.E0));
#2768=AXIS2_PLACEMENT_3D('',#2765,#2766,#2767);
#2769=PLANE('',#2768);
#2770=ORIENTED_EDGE('',*,*,#2733,.T.);
#2771=ORIENTED_EDGE('',*,*,#2668,.T.);
#2772=ORIENTED_EDGE('',*,*,#2757,.F.);
#2773=ORIENTED_EDGE('',*,*,#2566,.T.);
#2774=EDGE_LOOP('',(#2770,#2771,#2772,#2773));
#2775=FACE_OUTER_BOUND('',#2774,.F.);
#2776=ADVANCED_FACE('',(#2775),#2769,.T.);
#2777=CARTESIAN_POINT('',(-4.339628904373E1,2.E0,-1.165249177E1));
#2778=DIRECTION('',(0.E0,0.E0,-1.E0));
#2779=DIRECTION('',(-1.E0,0.E0,0.E0));
#2780=AXIS2_PLACEMENT_3D('',#2777,#2778,#2779);
#2781=PLANE('',#2780);
#2782=ORIENTED_EDGE('',*,*,#1557,.F.);
#2784=ORIENTED_EDGE('',*,*,#2783,.T.);
#2785=ORIENTED_EDGE('',*,*,#2526,.T.);
#2787=ORIENTED_EDGE('',*,*,#2786,.F.);
#2788=EDGE_LOOP('',(#2782,#2784,#2785,#2787));
#2789=FACE_OUTER_BOUND('',#2788,.F.);
#2790=ADVANCED_FACE('',(#2789),#2781,.T.);
#2791=CARTESIAN_POINT('',(-4.339628904373E1,2.E0,5.4750823E-1));
#2792=DIRECTION('',(1.E0,0.E0,0.E0));
#2793=DIRECTION('',(0.E0,0.E0,-1.E0));
#2794=AXIS2_PLACEMENT_3D('',#2791,#2792,#2793);
#2795=PLANE('',#2794);
#2796=ORIENTED_EDGE('',*,*,#1563,.F.);
#2798=ORIENTED_EDGE('',*,*,#2797,.T.);
#2799=ORIENTED_EDGE('',*,*,#2528,.T.);
#2800=ORIENTED_EDGE('',*,*,#2783,.F.);
#2801=EDGE_LOOP('',(#2796,#2798,#2799,#2800));
#2802=FACE_OUTER_BOUND('',#2801,.F.);
#2803=ADVANCED_FACE('',(#2802),#2795,.T.);
#2804=CARTESIAN_POINT('',(-5.059628904373E1,2.E0,5.4750823E-1));
#2805=DIRECTION('',(0.E0,0.E0,1.E0));
#2806=DIRECTION('',(1.E0,0.E0,0.E0));
#2807=AXIS2_PLACEMENT_3D('',#2804,#2805,#2806);
#2808=PLANE('',#2807);
#2809=ORIENTED_EDGE('',*,*,#1561,.F.);
#2811=ORIENTED_EDGE('',*,*,#2810,.T.);
#2812=ORIENTED_EDGE('',*,*,#2530,.T.);
#2813=ORIENTED_EDGE('',*,*,#2797,.F.);
#2814=EDGE_LOOP('',(#2809,#2811,#2812,#2813));
#2815=FACE_OUTER_BOUND('',#2814,.F.);
#2816=ADVANCED_FACE('',(#2815),#2808,.T.);
#2817=CARTESIAN_POINT('',(-5.059628904373E1,2.E0,-1.165249177E1));
#2818=DIRECTION('',(-1.E0,0.E0,0.E0));
#2819=DIRECTION('',(0.E0,0.E0,1.E0));
#2820=AXIS2_PLACEMENT_3D('',#2817,#2818,#2819);
#2821=PLANE('',#2820);
#2822=ORIENTED_EDGE('',*,*,#1559,.F.);
#2823=ORIENTED_EDGE('',*,*,#2786,.T.);
#2824=ORIENTED_EDGE('',*,*,#2532,.T.);
#2825=ORIENTED_EDGE('',*,*,#2810,.F.);
#2826=EDGE_LOOP('',(#2822,#2823,#2824,#2825));
#2827=FACE_OUTER_BOUND('',#2826,.F.);
#2828=ADVANCED_FACE('',(#2827),#2821,.T.);
#2829=CARTESIAN_POINT('',(-1.333483385606E1,2.E0,2.316921049862E1));
#2830=DIRECTION('',(1.E0,0.E0,0.E0));
#2831=DIRECTION('',(0.E0,0.E0,-1.E0));
#2832=AXIS2_PLACEMENT_3D('',#2829,#2830,#2831);
#2833=PLANE('',#2832);
#2834=ORIENTED_EDGE('',*,*,#1567,.F.);
#2836=ORIENTED_EDGE('',*,*,#2835,.T.);
#2837=ORIENTED_EDGE('',*,*,#2552,.T.);
#2839=ORIENTED_EDGE('',*,*,#2838,.F.);
#2840=EDGE_LOOP('',(#2834,#2836,#2837,#2839));
#2841=FACE_OUTER_BOUND('',#2840,.F.);
#2842=ADVANCED_FACE('',(#2841),#2833,.T.);
#2843=CARTESIAN_POINT('',(-2.053483385606E1,2.E0,2.316921049862E1));
#2844=DIRECTION('',(0.E0,0.E0,1.E0));
#2845=DIRECTION('',(1.E0,0.E0,0.E0));
#2846=AXIS2_PLACEMENT_3D('',#2843,#2844,#2845);
#2847=PLANE('',#2846);
#2848=ORIENTED_EDGE('',*,*,#1573,.F.);
#2850=ORIENTED_EDGE('',*,*,#2849,.T.);
#2851=ORIENTED_EDGE('',*,*,#2554,.T.);
#2852=ORIENTED_EDGE('',*,*,#2835,.F.);
#2853=EDGE_LOOP('',(#2848,#2850,#2851,#2852));
#2854=FACE_OUTER_BOUND('',#2853,.F.);
#2855=ADVANCED_FACE('',(#2854),#2847,.T.);
#2856=CARTESIAN_POINT('',(-2.053483385606E1,2.E0,1.152580596138E1));
#2857=DIRECTION('',(-1.E0,0.E0,0.E0));
#2858=DIRECTION('',(0.E0,0.E0,1.E0));
#2859=AXIS2_PLACEMENT_3D('',#2856,#2857,#2858);
#2860=PLANE('',#2859);
#2861=ORIENTED_EDGE('',*,*,#1571,.F.);
#2863=ORIENTED_EDGE('',*,*,#2862,.T.);
#2864=ORIENTED_EDGE('',*,*,#2556,.T.);
#2865=ORIENTED_EDGE('',*,*,#2849,.F.);
#2866=EDGE_LOOP('',(#2861,#2863,#2864,#2865));
#2867=FACE_OUTER_BOUND('',#2866,.F.);
#2868=ADVANCED_FACE('',(#2867),#2860,.T.);
#2869=CARTESIAN_POINT('',(-1.333483385606E1,2.E0,1.152580596138E1));
#2870=DIRECTION('',(0.E0,0.E0,-1.E0));
#2871=DIRECTION('',(-1.E0,0.E0,0.E0));
#2872=AXIS2_PLACEMENT_3D('',#2869,#2870,#2871);
#2873=PLANE('',#2872);
#2874=ORIENTED_EDGE('',*,*,#1569,.F.);
#2875=ORIENTED_EDGE('',*,*,#2838,.T.);
#2876=ORIENTED_EDGE('',*,*,#2558,.T.);
#2877=ORIENTED_EDGE('',*,*,#2862,.F.);
#2878=EDGE_LOOP('',(#2874,#2875,#2876,#2877));
#2879=FACE_OUTER_BOUND('',#2878,.F.);
#2880=ADVANCED_FACE('',(#2879),#2873,.T.);
#2884=DIMENSIONAL_EXPONENTS(0.E0,0.E0,0.E0,0.E0,0.E0,0.E0,0.E0);
#2886=PLANE_ANGLE_MEASURE_WITH_UNIT(PLANE_ANGLE_MEASURE(1.745329251994E-2),
#2885);
#2887=(CONVERSION_BASED_UNIT('DEGREE',#2886)NAMED_UNIT(*)PLANE_ANGLE_UNIT());
#2889=UNCERTAINTY_MEASURE_WITH_UNIT(LENGTH_MEASURE(3.9E-4),#2883,'closure',
'Maximum model space distance between geometric entities at asserted connectivities');
#2890=(GEOMETRIC_REPRESENTATION_CONTEXT(3)GLOBAL_UNCERTAINTY_ASSIGNED_CONTEXT((
#2889))GLOBAL_UNIT_ASSIGNED_CONTEXT((#2883,#2887,#2888))REPRESENTATION_CONTEXT(
'ID1','3'));
#2891=CARTESIAN_POINT('',(0.E0,0.E0,0.E0));
#2892=DIRECTION('',(0.E0,0.E0,1.E0));
#2893=DIRECTION('',(1.E0,0.E0,0.E0));
#2896=APPLICATION_CONTEXT(
'CONFIGURATION CONTROLLED 3D DESIGNS OF MECHANICAL PARTS AND ASSEMBLIES');
#2897=APPLICATION_PROTOCOL_DEFINITION('international standard',
'config_control_design',1994,#2896);
#2898=DESIGN_CONTEXT('',#2896,'design');
#2899=MECHANICAL_CONTEXT('',#2896,'mechanical');
#2900=PRODUCT('PRT0001','PRT0001','NOT SPECIFIED',(#2899));
#2901=PRODUCT_DEFINITION_FORMATION_WITH_SPECIFIED_SOURCE('2','LAST_VERSION',
#2900,.MADE.);
#2910=CARTESIAN_POINT('',(-1.73474871E1,2.565345368E1,-1.18E1));
#2911=DIRECTION('',(1.E0,0.E0,0.E0));
#2912=DIRECTION('',(0.E0,1.E0,0.E0));
#2913=AXIS2_PLACEMENT_3D('',#2910,#2911,#2912);
#2914=ITEM_DEFINED_TRANSFORMATION('','',#2894,#2913);
#2915=(REPRESENTATION_RELATIONSHIP('','',#2895,#2907)REPRESENTATION_RELATIONSHIP_WITH_TRANSFORMATION(#2914)SHAPE_REPRESENTATION_RELATIONSHIP());
#2916=CONTEXT_DEPENDENT_SHAPE_REPRESENTATION(#2915,#2909);
#2917=CARTESIAN_POINT('',(3.000002113E1,-1.79997833E0,-1.28E1));
#2918=DIRECTION('',(0.E0,0.E0,-1.E0));
#2919=DIRECTION('',(-1.E0,0.E0,0.E0));
#2920=AXIS2_PLACEMENT_3D('',#2917,#2918,#2919);
#2922=CARTESIAN_POINT('',(3.000002113E1,-1.79997833E0,-1.28E1));
#2923=DIRECTION('',(0.E0,0.E0,-1.E0));
#2924=DIRECTION('',(1.E0,0.E0,0.E0));
#2925=AXIS2_PLACEMENT_3D('',#2922,#2923,#2924);
#2927=CARTESIAN_POINT('',(-2.999997887E1,-1.79997833E0,-1.28E1));
#2928=DIRECTION('',(0.E0,0.E0,-1.E0));
#2929=DIRECTION('',(-1.E0,0.E0,0.E0));
#2930=AXIS2_PLACEMENT_3D('',#2927,#2928,#2929);
#2932=CARTESIAN_POINT('',(-2.999997887E1,-1.79997833E0,-1.28E1));
#2933=DIRECTION('',(0.E0,0.E0,-1.E0));
#2934=DIRECTION('',(1.E0,0.E0,0.E0));
#2935=AXIS2_PLACEMENT_3D('',#2932,#2933,#2934);
#2937=CARTESIAN_POINT('',(-2.499997887E1,2.620002167E1,-1.28E1));
#2938=CARTESIAN_POINT('',(-2.499997887E1,2.639830619656E1,-1.28E1));
#2939=CARTESIAN_POINT('',(-2.493480415456E1,2.680217498836E1,-1.28E1));
#2940=CARTESIAN_POINT('',(-2.462132666596E1,2.742338046820E1,-1.28E1));
#2941=CARTESIAN_POINT('',(-2.407556766408E1,2.805210121525E1,-1.28E1));
#2942=CARTESIAN_POINT('',(-2.328611962576E1,2.867923340627E1,-1.28E1));
#2943=CARTESIAN_POINT('',(-2.224807221224E1,2.929475955179E1,-1.28E1));
#2944=CARTESIAN_POINT('',(-2.096406576974E1,2.988817407419E1,-1.28E1));
#2945=CARTESIAN_POINT('',(-1.944486461159E1,3.044900401316E1,-1.28E1));
#2946=CARTESIAN_POINT('',(-1.770932714014E1,3.096737823719E1,-1.28E1));
#2947=CARTESIAN_POINT('',(-1.578371722584E1,3.143458488240E1,-1.28E1));
#2948=CARTESIAN_POINT('',(-1.370039613638E1,3.184355396749E1,-1.28E1));
#2949=CARTESIAN_POINT('',(-1.149603445642E1,3.218920801066E1,-1.28E1));
#2950=CARTESIAN_POINT('',(-9.209528216360E0,3.246865220567E1,-1.28E1));
#2951=CARTESIAN_POINT('',(-7.268198313081E0,3.264574602057E1,-1.28E1));
#2952=CARTESIAN_POINT('',(-5.712140116584E0,3.275463669763E1,-1.28E1));
#2953=CARTESIAN_POINT('',(-4.547903350673E0,3.282026880773E1,-1.28E1));
#2954=CARTESIAN_POINT('',(-3.390577562546E0,3.287028886809E1,-1.28E1));
#2955=CARTESIAN_POINT('',(-2.435069915167E0,3.289939410836E1,-1.28E1));
#2956=CARTESIAN_POINT('',(-1.677778092518E0,3.291542744623E1,-1.28E1));
#2957=CARTESIAN_POINT('',(-1.113749798835E0,3.292390770867E1,-1.28E1));
#2958=CARTESIAN_POINT('',(-6.474020951745E-1,3.292808979633E1,-1.28E1));
#2959=CARTESIAN_POINT('',(-2.765586610393E-1,3.292974782029E1,-1.28E1));
#2960=CARTESIAN_POINT('',(2.112999999920E-5,3.293015859486E1,-1.28E1));
#2961=CARTESIAN_POINT('',(2.766009210393E-1,3.292974782029E1,-1.28E1));
#2962=CARTESIAN_POINT('',(6.474443551745E-1,3.292808979633E1,-1.28E1));
#2963=CARTESIAN_POINT('',(1.113792058835E0,3.292390770867E1,-1.28E1));
#2964=CARTESIAN_POINT('',(1.677820352518E0,3.291542744623E1,-1.28E1));
#2965=CARTESIAN_POINT('',(2.435112175167E0,3.289939410836E1,-1.28E1));
#2966=CARTESIAN_POINT('',(3.390619822546E0,3.287028886809E1,-1.28E1));
#2967=CARTESIAN_POINT('',(4.547945610673E0,3.282026880773E1,-1.28E1));
#2968=CARTESIAN_POINT('',(5.712182376584E0,3.275463669763E1,-1.28E1));
#2969=CARTESIAN_POINT('',(7.268240573081E0,3.264574602057E1,-1.28E1));
#2970=CARTESIAN_POINT('',(9.209570476360E0,3.246865220567E1,-1.28E1));
#2971=CARTESIAN_POINT('',(1.149607671642E1,3.218920801066E1,-1.28E1));
#2972=CARTESIAN_POINT('',(1.370043839638E1,3.184355396749E1,-1.28E1));
#2973=CARTESIAN_POINT('',(1.578375948584E1,3.143458488240E1,-1.28E1));
#2974=CARTESIAN_POINT('',(1.770936940014E1,3.096737823719E1,-1.28E1));
#2975=CARTESIAN_POINT('',(1.944490687159E1,3.044900401316E1,-1.28E1));
#2976=CARTESIAN_POINT('',(2.096410802974E1,2.988817407419E1,-1.28E1));
#2977=CARTESIAN_POINT('',(2.224811447224E1,2.929475955179E1,-1.28E1));
#2978=CARTESIAN_POINT('',(2.328616188576E1,2.867923340627E1,-1.28E1));
#2979=CARTESIAN_POINT('',(2.407560992408E1,2.805210121525E1,-1.28E1));
#2980=CARTESIAN_POINT('',(2.462136892596E1,2.742338046820E1,-1.28E1));
#2981=CARTESIAN_POINT('',(2.493484641456E1,2.680217498836E1,-1.28E1));
#2982=CARTESIAN_POINT('',(2.500002113E1,2.639830619656E1,-1.28E1));
#2983=CARTESIAN_POINT('',(2.500002113E1,2.620002167E1,-1.28E1));
#2985=DIRECTION('',(0.E0,-1.E0,0.E0));
#2986=VECTOR('',#2985,1.307470511140E1);
#2987=CARTESIAN_POINT('',(-2.499997887E1,2.620002167E1,-1.28E1));
#2988=LINE('',#2987,#2986);
#2989=DIRECTION('',(1.E0,0.E0,0.E0));
#2990=VECTOR('',#2989,5.E1);
#2991=CARTESIAN_POINT('',(-2.499997887E1,1.312531655860E1,-1.28E1));
#2992=LINE('',#2991,#2990);
#2993=DIRECTION('',(0.E0,1.E0,0.E0));
#2994=VECTOR('',#2993,1.307470511140E1);
#2995=CARTESIAN_POINT('',(2.500002113E1,1.312531655860E1,-1.28E1));
#2996=LINE('',#2995,#2994);
#2997=DIRECTION('',(1.E0,0.E0,0.E0));
#2998=VECTOR('',#2997,7.86E1);
#2999=CARTESIAN_POINT('',(-3.929997887E1,3.864287870373E1,-1.28E1));
#3000=LINE('',#2999,#2998);
#3001=DIRECTION('',(0.E0,-1.E0,0.E0));
#3002=VECTOR('',#3001,8.088571406745E1);
#3003=CARTESIAN_POINT('',(3.930002113E1,3.864287870373E1,-1.28E1));
#3004=LINE('',#3003,#3002);
#3005=DIRECTION('',(-1.E0,0.E0,0.E0));
#3006=VECTOR('',#3005,7.86E1);
#3007=CARTESIAN_POINT('',(3.930002113E1,-4.224283536373E1,-1.28E1));
#3008=LINE('',#3007,#3006);
#3009=DIRECTION('',(0.E0,1.E0,0.E0));
#3010=VECTOR('',#3009,8.088571406745E1);
#3011=CARTESIAN_POINT('',(-3.929997887E1,-4.224283536373E1,-1.28E1));
#3012=LINE('',#3011,#3010);
#3013=DIRECTION('',(0.E0,1.E0,0.E0));
#3014=VECTOR('',#3013,8.388571406745E1);
#3015=CARTESIAN_POINT('',(4.080002113E1,-4.374283536373E1,-1.28E1));
#3016=LINE('',#3015,#3014);
#3017=DIRECTION('',(-1.E0,0.E0,0.E0));
#3018=VECTOR('',#3017,8.16E1);
#3019=CARTESIAN_POINT('',(4.080002113E1,4.014287870373E1,-1.28E1));
#3020=LINE('',#3019,#3018);
#3021=DIRECTION('',(0.E0,-1.E0,0.E0));
#3022=VECTOR('',#3021,8.388571406745E1);
#3023=CARTESIAN_POINT('',(-4.079997887E1,4.014287870373E1,-1.28E1));
#3024=LINE('',#3023,#3022);
#3025=DIRECTION('',(1.E0,0.E0,0.E0));
#3026=VECTOR('',#3025,8.16E1);
#3027=CARTESIAN_POINT('',(-4.079997887E1,-4.374283536373E1,-1.28E1));
#3028=LINE('',#3027,#3026);
#3029=CARTESIAN_POINT('',(-3.325E1,3.245004334E1,-1.28E1));
#3030=DIRECTION('',(0.E0,0.E0,1.E0));
#3031=DIRECTION('',(1.E0,0.E0,0.E0));
#3032=AXIS2_PLACEMENT_3D('',#3029,#3030,#3031);
#3034=CARTESIAN_POINT('',(-3.325E1,3.245004334E1,-1.28E1));
#3035=DIRECTION('',(0.E0,0.E0,1.E0));
#3036=DIRECTION('',(-1.E0,0.E0,0.E0));
#3037=AXIS2_PLACEMENT_3D('',#3034,#3035,#3036);
#3039=CARTESIAN_POINT('',(3.325004226E1,3.245004334E1,-1.28E1));
#3040=DIRECTION('',(0.E0,0.E0,1.E0));
#3041=DIRECTION('',(1.E0,0.E0,0.E0));
#3042=AXIS2_PLACEMENT_3D('',#3039,#3040,#3041);
#3044=CARTESIAN_POINT('',(3.325004226E1,3.245004334E1,-1.28E1));
#3045=DIRECTION('',(0.E0,0.E0,1.E0));
#3046=DIRECTION('',(-1.E0,0.E0,0.E0));
#3047=AXIS2_PLACEMENT_3D('',#3044,#3045,#3046);
#3049=CARTESIAN_POINT('',(-3.325E1,-3.605E1,-1.28E1));
#3050=DIRECTION('',(0.E0,0.E0,1.E0));
#3051=DIRECTION('',(1.E0,0.E0,0.E0));
#3052=AXIS2_PLACEMENT_3D('',#3049,#3050,#3051);
#3054=CARTESIAN_POINT('',(-3.325E1,-3.605E1,-1.28E1));
#3055=DIRECTION('',(0.E0,0.E0,1.E0));
#3056=DIRECTION('',(-1.E0,0.E0,0.E0));
#3057=AXIS2_PLACEMENT_3D('',#3054,#3055,#3056);
#3059=CARTESIAN_POINT('',(3.325004226E1,-3.605E1,-1.28E1));
#3060=DIRECTION('',(0.E0,0.E0,1.E0));
#3061=DIRECTION('',(1.E0,0.E0,0.E0));
#3062=AXIS2_PLACEMENT_3D('',#3059,#3060,#3061);
#3064=CARTESIAN_POINT('',(3.325004226E1,-3.605E1,-1.28E1));
#3065=DIRECTION('',(0.E0,0.E0,1.E0));
#3066=DIRECTION('',(-1.E0,0.E0,0.E0));
#3067=AXIS2_PLACEMENT_3D('',#3064,#3065,#3066);
#3069=DIRECTION('',(0.E0,1.E0,0.E0));
#3070=VECTOR('',#3069,8.4E1);
#3071=CARTESIAN_POINT('',(-4.199997887E1,-4.379997833E1,-1.28E1));
#3072=LINE('',#3071,#3070);
#3073=DIRECTION('',(1.E0,0.E0,0.E0));
#3074=VECTOR('',#3073,8.4E1);
#3075=CARTESIAN_POINT('',(-4.199997887E1,4.020002167E1,-1.28E1));
#3076=LINE('',#3075,#3074);
#3077=DIRECTION('',(0.E0,-1.E0,0.E0));
#3078=VECTOR('',#3077,8.4E1);
#3079=CARTESIAN_POINT('',(4.200002113E1,4.020002167E1,-1.28E1));
#3080=LINE('',#3079,#3078);
#3081=DIRECTION('',(-1.E0,0.E0,0.E0));
#3082=VECTOR('',#3081,8.4E1);
#3083=CARTESIAN_POINT('',(4.200002113E1,-4.379997833E1,-1.28E1));
#3084=LINE('',#3083,#3082);
#3085=DIRECTION('',(7.071067811865E-1,-1.004859173558E-13,-7.071067811865E-1));
#3086=VECTOR('',#3085,1.979898987322E0);
#3087=CARTESIAN_POINT('',(2.685002113E1,-1.79997833E0,-1.28E1));
#3088=LINE('',#3087,#3086);
#3089=DIRECTION('',(-7.071067811865E-1,1.004859173558E-13,-7.071067811865E-1));
#3090=VECTOR('',#3089,1.979898987322E0);
#3091=CARTESIAN_POINT('',(3.315002113E1,-1.79997833E0,-1.28E1));
#3092=LINE('',#3091,#3090);
#3093=CARTESIAN_POINT('',(3.000002113E1,-1.79997833E0,-1.42E1));
#3094=DIRECTION('',(0.E0,0.E0,-1.E0));
#3095=DIRECTION('',(1.E0,0.E0,0.E0));
#3096=AXIS2_PLACEMENT_3D('',#3093,#3094,#3095);
#3098=DIRECTION('',(0.E0,-8.909539772617E-14,1.E0));
#3099=VECTOR('',#3098,1.6E0);
#3100=CARTESIAN_POINT('',(3.175002113E1,-1.79997833E0,-1.58E1));
#3101=LINE('',#3100,#3099);
#3102=CARTESIAN_POINT('',(3.000002113E1,-1.79997833E0,-1.42E1));
#3103=DIRECTION('',(0.E0,0.E0,-1.E0));
#3104=DIRECTION('',(-1.E0,0.E0,0.E0));
#3105=AXIS2_PLACEMENT_3D('',#3102,#3103,#3104);
#3107=DIRECTION('',(0.E0,8.895661984809E-14,1.E0));
#3108=VECTOR('',#3107,1.6E0);
#3109=CARTESIAN_POINT('',(2.825002113E1,-1.79997833E0,-1.58E1));
#3110=LINE('',#3109,#3108);
#3111=DIRECTION('',(-1.E0,0.E0,0.E0));
#3112=VECTOR('',#3111,8.6E1);
#3113=CARTESIAN_POINT('',(4.300002113E1,4.120002167E1,-1.58E1));
#3114=LINE('',#3113,#3112);
#3115=CARTESIAN_POINT('',(3.000002113E1,-1.79997833E0,-1.58E1));
#3116=DIRECTION('',(0.E0,0.E0,-1.E0));
#3117=DIRECTION('',(-1.E0,0.E0,0.E0));
#3118=AXIS2_PLACEMENT_3D('',#3115,#3116,#3117);
#3120=CARTESIAN_POINT('',(3.000002113E1,-1.79997833E0,-1.58E1));
#3121=DIRECTION('',(0.E0,0.E0,-1.E0));
#3122=DIRECTION('',(1.E0,0.E0,0.E0));
#3123=AXIS2_PLACEMENT_3D('',#3120,#3121,#3122);
#3125=CARTESIAN_POINT('',(-2.999997887E1,-1.79997833E0,-1.58E1));
#3126=DIRECTION('',(0.E0,0.E0,-1.E0));
#3127=DIRECTION('',(-1.E0,0.E0,0.E0));
#3128=AXIS2_PLACEMENT_3D('',#3125,#3126,#3127);
#3130=CARTESIAN_POINT('',(-2.999997887E1,-1.79997833E0,-1.58E1));
#3131=DIRECTION('',(0.E0,0.E0,-1.E0));
#3132=DIRECTION('',(1.E0,0.E0,0.E0));
#3133=AXIS2_PLACEMENT_3D('',#3130,#3131,#3132);
#3135=CARTESIAN_POINT('',(-2.499997887E1,2.620002167E1,-1.58E1));
#3136=CARTESIAN_POINT('',(-2.499997887E1,2.639830619656E1,-1.58E1));
#3137=CARTESIAN_POINT('',(-2.493480415456E1,2.680217498836E1,-1.58E1));
#3138=CARTESIAN_POINT('',(-2.462132666596E1,2.742338046820E1,-1.58E1));
#3139=CARTESIAN_POINT('',(-2.407556766408E1,2.805210121525E1,-1.58E1));
#3140=CARTESIAN_POINT('',(-2.328611962576E1,2.867923340627E1,-1.58E1));
#3141=CARTESIAN_POINT('',(-2.224807221224E1,2.929475955179E1,-1.58E1));
#3142=CARTESIAN_POINT('',(-2.096406576974E1,2.988817407419E1,-1.58E1));
#3143=CARTESIAN_POINT('',(-1.944486461159E1,3.044900401316E1,-1.58E1));
#3144=CARTESIAN_POINT('',(-1.770932714014E1,3.096737823719E1,-1.58E1));
#3145=CARTESIAN_POINT('',(-1.578371722584E1,3.143458488240E1,-1.58E1));
#3146=CARTESIAN_POINT('',(-1.370039613638E1,3.184355396749E1,-1.58E1));
#3147=CARTESIAN_POINT('',(-1.149603445642E1,3.218920801066E1,-1.58E1));
#3148=CARTESIAN_POINT('',(-9.209528216360E0,3.246865220567E1,-1.58E1));
#3149=CARTESIAN_POINT('',(-7.268198313081E0,3.264574602057E1,-1.58E1));
#3150=CARTESIAN_POINT('',(-5.712140116584E0,3.275463669763E1,-1.58E1));
#3151=CARTESIAN_POINT('',(-4.547903350673E0,3.282026880773E1,-1.58E1));
#3152=CARTESIAN_POINT('',(-3.390577562546E0,3.287028886809E1,-1.58E1));
#3153=CARTESIAN_POINT('',(-2.435069915167E0,3.289939410836E1,-1.58E1));
#3154=CARTESIAN_POINT('',(-1.677778092518E0,3.291542744623E1,-1.58E1));
#3155=CARTESIAN_POINT('',(-1.113749798835E0,3.292390770867E1,-1.58E1));
#3156=CARTESIAN_POINT('',(-6.474020951745E-1,3.292808979633E1,-1.58E1));
#3157=CARTESIAN_POINT('',(-2.765586610393E-1,3.292974782029E1,-1.58E1));
#3158=CARTESIAN_POINT('',(2.112999999920E-5,3.293015859486E1,-1.58E1));
#3159=CARTESIAN_POINT('',(2.766009210393E-1,3.292974782029E1,-1.58E1));
#3160=CARTESIAN_POINT('',(6.474443551745E-1,3.292808979633E1,-1.58E1));
#3161=CARTESIAN_POINT('',(1.113792058835E0,3.292390770867E1,-1.58E1));
#3162=CARTESIAN_POINT('',(1.677820352518E0,3.291542744623E1,-1.58E1));
#3163=CARTESIAN_POINT('',(2.435112175167E0,3.289939410836E1,-1.58E1));
#3164=CARTESIAN_POINT('',(3.390619822546E0,3.287028886809E1,-1.58E1));
#3165=CARTESIAN_POINT('',(4.547945610673E0,3.282026880773E1,-1.58E1));
#3166=CARTESIAN_POINT('',(5.712182376584E0,3.275463669763E1,-1.58E1));
#3167=CARTESIAN_POINT('',(7.268240573081E0,3.264574602057E1,-1.58E1));
#3168=CARTESIAN_POINT('',(9.209570476360E0,3.246865220567E1,-1.58E1));
#3169=CARTESIAN_POINT('',(1.149607671642E1,3.218920801066E1,-1.58E1));
#3170=CARTESIAN_POINT('',(1.370043839638E1,3.184355396749E1,-1.58E1));
#3171=CARTESIAN_POINT('',(1.578375948584E1,3.143458488240E1,-1.58E1));
#3172=CARTESIAN_POINT('',(1.770936940014E1,3.096737823719E1,-1.58E1));
#3173=CARTESIAN_POINT('',(1.944490687159E1,3.044900401316E1,-1.58E1));
#3174=CARTESIAN_POINT('',(2.096410802974E1,2.988817407419E1,-1.58E1));
#3175=CARTESIAN_POINT('',(2.224811447224E1,2.929475955179E1,-1.58E1));
#3176=CARTESIAN_POINT('',(2.328616188576E1,2.867923340627E1,-1.58E1));
#3177=CARTESIAN_POINT('',(2.407560992408E1,2.805210121525E1,-1.58E1));
#3178=CARTESIAN_POINT('',(2.462136892596E1,2.742338046820E1,-1.58E1));
#3179=CARTESIAN_POINT('',(2.493484641456E1,2.680217498836E1,-1.58E1));
#3180=CARTESIAN_POINT('',(2.500002113E1,2.639830619656E1,-1.58E1));
#3181=CARTESIAN_POINT('',(2.500002113E1,2.620002167E1,-1.58E1));
#3183=DIRECTION('',(0.E0,1.E0,0.E0));
#3184=VECTOR('',#3183,1.307470511140E1);
#3185=CARTESIAN_POINT('',(2.500002113E1,1.312531655860E1,-1.58E1));
#3186=LINE('',#3185,#3184);
#3187=DIRECTION('',(1.E0,0.E0,0.E0));
#3188=VECTOR('',#3187,5.E1);
#3189=CARTESIAN_POINT('',(-2.499997887E1,1.312531655860E1,-1.58E1));
#3190=LINE('',#3189,#3188);
#3191=DIRECTION('',(0.E0,-1.E0,0.E0));
#3192=VECTOR('',#3191,1.307470511140E1);
#3193=CARTESIAN_POINT('',(-2.499997887E1,2.620002167E1,-1.58E1));
#3194=LINE('',#3193,#3192);
#3195=CARTESIAN_POINT('',(-3.325E1,3.245004334E1,-1.58E1));
#3196=DIRECTION('',(0.E0,0.E0,1.E0));
#3197=DIRECTION('',(1.E0,0.E0,0.E0));
#3198=AXIS2_PLACEMENT_3D('',#3195,#3196,#3197);
#3200=CARTESIAN_POINT('',(-3.325E1,3.245004334E1,-1.58E1));
#3201=DIRECTION('',(0.E0,0.E0,1.E0));
#3202=DIRECTION('',(-1.E0,0.E0,0.E0));
#3203=AXIS2_PLACEMENT_3D('',#3200,#3201,#3202);
#3205=CARTESIAN_POINT('',(3.325004226E1,3.245004334E1,-1.58E1));
#3206=DIRECTION('',(0.E0,0.E0,1.E0));
#3207=DIRECTION('',(1.E0,0.E0,0.E0));
#3208=AXIS2_PLACEMENT_3D('',#3205,#3206,#3207);
#3210=CARTESIAN_POINT('',(3.325004226E1,3.245004334E1,-1.58E1));
#3211=DIRECTION('',(0.E0,0.E0,1.E0));
#3212=DIRECTION('',(-1.E0,0.E0,0.E0));
#3213=AXIS2_PLACEMENT_3D('',#3210,#3211,#3212);
#3215=CARTESIAN_POINT('',(-3.325E1,-3.605E1,-1.58E1));
#3216=DIRECTION('',(0.E0,0.E0,1.E0));
#3217=DIRECTION('',(1.E0,0.E0,0.E0));
#3218=AXIS2_PLACEMENT_3D('',#3215,#3216,#3217);
#3220=CARTESIAN_POINT('',(-3.325E1,-3.605E1,-1.58E1));
#3221=DIRECTION('',(0.E0,0.E0,1.E0));
#3222=DIRECTION('',(-1.E0,0.E0,0.E0));
#3223=AXIS2_PLACEMENT_3D('',#3220,#3221,#3222);
#3225=CARTESIAN_POINT('',(3.325004226E1,-3.605E1,-1.58E1));
#3226=DIRECTION('',(0.E0,0.E0,1.E0));
#3227=DIRECTION('',(1.E0,0.E0,0.E0));
#3228=AXIS2_PLACEMENT_3D('',#3225,#3226,#3227);
#3230=CARTESIAN_POINT('',(3.325004226E1,-3.605E1,-1.58E1));
#3231=DIRECTION('',(0.E0,0.E0,1.E0));
#3232=DIRECTION('',(-1.E0,0.E0,0.E0));
#3233=AXIS2_PLACEMENT_3D('',#3230,#3231,#3232);
#3235=DIRECTION('',(-1.E0,0.E0,0.E0));
#3236=VECTOR('',#3235,9.643404537243E0);
#3237=CARTESIAN_POINT('',(4.821723398622E0,1.131861982394E1,-1.58E1));
#3238=LINE('',#3237,#3236);
#3239=DIRECTION('',(0.E0,0.E0,1.E0));
#3240=VECTOR('',#3239,2.5E0);
#3241=CARTESIAN_POINT('',(-4.821681138622E0,1.131861982394E1,-1.58E1));
#3242=LINE('',#3241,#3240);
#3243=DIRECTION('',(0.E0,0.E0,-1.E0));
#3244=VECTOR('',#3243,2.5E0);
#3245=CARTESIAN_POINT('',(4.821723398622E0,1.131861982394E1,-1.33E1));
#3246=LINE('',#3245,#3244);
#3247=DIRECTION('',(0.E0,-1.E0,0.E0));
#3248=VECTOR('',#3247,5.2E0);
#3249=CARTESIAN_POINT('',(-4.821681138622E0,1.131861982394E1,-1.58E1));
#3250=LINE('',#3249,#3248);
#3251=DIRECTION('',(0.E0,0.E0,1.E0));
#3252=VECTOR('',#3251,2.5E0);
#3253=CARTESIAN_POINT('',(-4.821681138622E0,6.118619823939E0,-1.58E1));
#3254=LINE('',#3253,#3252);
#3255=DIRECTION('',(1.E0,0.E0,0.E0));
#3256=VECTOR('',#3255,9.643404537243E0);
#3257=CARTESIAN_POINT('',(-4.821681138622E0,6.118619823939E0,-1.58E1));
#3258=LINE('',#3257,#3256);
#3259=DIRECTION('',(0.E0,0.E0,1.E0));
#3260=VECTOR('',#3259,2.5E0);
#3261=CARTESIAN_POINT('',(4.821723398622E0,6.118619823939E0,-1.58E1));
#3262=LINE('',#3261,#3260);
#3263=DIRECTION('',(0.E0,1.E0,0.E0));
#3264=VECTOR('',#3263,5.2E0);
#3265=CARTESIAN_POINT('',(4.821723398622E0,6.118619823939E0,-1.58E1));
#3266=LINE('',#3265,#3264);
#3267=DIRECTION('',(0.E0,-1.E0,0.E0));
#3268=VECTOR('',#3267,5.2E0);
#3269=CARTESIAN_POINT('',(4.821723398622E0,1.131861982394E1,-1.33E1));
#3270=LINE('',#3269,#3268);
#3271=DIRECTION('',(1.E0,0.E0,0.E0));
#3272=VECTOR('',#3271,9.643404537243E0);
#3273=CARTESIAN_POINT('',(-4.821681138622E0,1.131861982394E1,-1.33E1));
#3274=LINE('',#3273,#3272);
#3275=DIRECTION('',(0.E0,1.E0,0.E0));
#3276=VECTOR('',#3275,5.2E0);
#3277=CARTESIAN_POINT('',(-4.821681138622E0,6.118619823939E0,-1.33E1));
#3278=LINE('',#3277,#3276);
#3279=DIRECTION('',(-1.E0,0.E0,0.E0));
#3280=VECTOR('',#3279,9.643404537243E0);
#3281=CARTESIAN_POINT('',(4.821723398622E0,6.118619823939E0,-1.33E1));
#3282=LINE('',#3281,#3280);
#3283=DIRECTION('',(0.E0,-1.E0,0.E0));
#3284=VECTOR('',#3283,5.2E0);
#3285=CARTESIAN_POINT('',(2.800002113E1,-1.874283536373E1,-1.33E1));
#3286=LINE('',#3285,#3284);
#3287=DIRECTION('',(1.E0,0.E0,0.E0));
#3288=VECTOR('',#3287,1.02E1);
#3289=CARTESIAN_POINT('',(1.780002113E1,-1.874283536373E1,-1.33E1));
#3290=LINE('',#3289,#3288);
#3291=DIRECTION('',(0.E0,1.E0,0.E0));
#3292=VECTOR('',#3291,5.2E0);
#3293=CARTESIAN_POINT('',(1.780002113E1,-2.394283536373E1,-1.33E1));
#3294=LINE('',#3293,#3292);
#3295=DIRECTION('',(-1.E0,0.E0,0.E0));
#3296=VECTOR('',#3295,1.02E1);
#3297=CARTESIAN_POINT('',(2.800002113E1,-2.394283536373E1,-1.33E1));
#3298=LINE('',#3297,#3296);
#3299=DIRECTION('',(0.E0,-1.E0,0.E0));
#3300=VECTOR('',#3299,5.2E0);
#3301=CARTESIAN_POINT('',(-1.779997887E1,-1.874283536373E1,-1.33E1));
#3302=LINE('',#3301,#3300);
#3303=DIRECTION('',(1.E0,0.E0,0.E0));
#3304=VECTOR('',#3303,1.02E1);
#3305=CARTESIAN_POINT('',(-2.799997887E1,-1.874283536373E1,-1.33E1));
#3306=LINE('',#3305,#3304);
#3307=DIRECTION('',(0.E0,1.E0,0.E0));
#3308=VECTOR('',#3307,5.2E0);
#3309=CARTESIAN_POINT('',(-2.799997887E1,-2.394283536373E1,-1.33E1));
#3310=LINE('',#3309,#3308);
#3311=DIRECTION('',(-1.E0,0.E0,0.E0));
#3312=VECTOR('',#3311,1.02E1);
#3313=CARTESIAN_POINT('',(-1.779997887E1,-2.394283536373E1,-1.33E1));
#3314=LINE('',#3313,#3312);
#3315=DIRECTION('',(0.E0,1.E0,0.E0));
#3316=VECTOR('',#3315,5.2E0);
#3317=CARTESIAN_POINT('',(2.800002113E1,-2.394283536373E1,-1.58E1));
#3318=LINE('',#3317,#3316);
#3319=DIRECTION('',(-1.E0,0.E0,0.E0));
#3320=VECTOR('',#3319,1.02E1);
#3321=CARTESIAN_POINT('',(2.800002113E1,-1.874283536373E1,-1.58E1));
#3322=LINE('',#3321,#3320);
#3323=DIRECTION('',(0.E0,0.E0,1.E0));
#3324=VECTOR('',#3323,2.5E0);
#3325=CARTESIAN_POINT('',(1.780002113E1,-1.874283536373E1,-1.58E1));
#3326=LINE('',#3325,#3324);
#3327=DIRECTION('',(0.E0,0.E0,-1.E0));
#3328=VECTOR('',#3327,2.5E0);
#3329=CARTESIAN_POINT('',(2.800002113E1,-1.874283536373E1,-1.33E1));
#3330=LINE('',#3329,#3328);
#3331=DIRECTION('',(0.E0,-1.E0,0.E0));
#3332=VECTOR('',#3331,5.2E0);
#3333=CARTESIAN_POINT('',(1.780002113E1,-1.874283536373E1,-1.58E1));
#3334=LINE('',#3333,#3332);
#3335=DIRECTION('',(0.E0,0.E0,1.E0));
#3336=VECTOR('',#3335,2.5E0);
#3337=CARTESIAN_POINT('',(1.780002113E1,-2.394283536373E1,-1.58E1));
#3338=LINE('',#3337,#3336);
#3339=DIRECTION('',(1.E0,0.E0,0.E0));
#3340=VECTOR('',#3339,1.02E1);
#3341=CARTESIAN_POINT('',(1.780002113E1,-2.394283536373E1,-1.58E1));
#3342=LINE('',#3341,#3340);
#3343=DIRECTION('',(0.E0,0.E0,1.E0));
#3344=VECTOR('',#3343,2.5E0);
#3345=CARTESIAN_POINT('',(2.800002113E1,-2.394283536373E1,-1.58E1));
#3346=LINE('',#3345,#3344);
#3347=DIRECTION('',(0.E0,1.E0,0.E0));
#3348=VECTOR('',#3347,5.2E0);
#3349=CARTESIAN_POINT('',(-1.779997887E1,-2.394283536373E1,-1.58E1));
#3350=LINE('',#3349,#3348);
#3351=DIRECTION('',(-1.E0,0.E0,0.E0));
#3352=VECTOR('',#3351,1.02E1);
#3353=CARTESIAN_POINT('',(-1.779997887E1,-1.874283536373E1,-1.58E1));
#3354=LINE('',#3353,#3352);
#3355=DIRECTION('',(0.E0,0.E0,1.E0));
#3356=VECTOR('',#3355,2.5E0);
#3357=CARTESIAN_POINT('',(-2.799997887E1,-1.874283536373E1,-1.58E1));
#3358=LINE('',#3357,#3356);
#3359=DIRECTION('',(0.E0,0.E0,-1.E0));
#3360=VECTOR('',#3359,2.5E0);
#3361=CARTESIAN_POINT('',(-1.779997887E1,-1.874283536373E1,-1.33E1));
#3362=LINE('',#3361,#3360);
#3363=DIRECTION('',(0.E0,-1.E0,0.E0));
#3364=VECTOR('',#3363,5.2E0);
#3365=CARTESIAN_POINT('',(-2.799997887E1,-1.874283536373E1,-1.58E1));
#3366=LINE('',#3365,#3364);
#3367=DIRECTION('',(0.E0,0.E0,1.E0));
#3368=VECTOR('',#3367,2.5E0);
#3369=CARTESIAN_POINT('',(-2.799997887E1,-2.394283536373E1,-1.58E1));
#3370=LINE('',#3369,#3368);
#3371=DIRECTION('',(1.E0,0.E0,0.E0));
#3372=VECTOR('',#3371,1.02E1);
#3373=CARTESIAN_POINT('',(-2.799997887E1,-2.394283536373E1,-1.58E1));
#3374=LINE('',#3373,#3372);
#3375=DIRECTION('',(0.E0,0.E0,1.E0));
#3376=VECTOR('',#3375,2.5E0);
#3377=CARTESIAN_POINT('',(-1.779997887E1,-2.394283536373E1,-1.58E1));
#3378=LINE('',#3377,#3376);
#3379=DIRECTION('',(0.E0,-1.E0,0.E0));
#3380=VECTOR('',#3379,8.6E1);
#3381=CARTESIAN_POINT('',(4.300002113E1,4.120002167E1,-1.38E1));
#3382=LINE('',#3381,#3380);
#3383=DIRECTION('',(0.E0,0.E0,-1.E0));
#3384=VECTOR('',#3383,2.E0);
#3385=CARTESIAN_POINT('',(4.300002113E1,4.120002167E1,-1.38E1));
#3386=LINE('',#3385,#3384);
#3387=DIRECTION('',(0.E0,-1.E0,0.E0));
#3388=VECTOR('',#3387,8.6E1);
#3389=CARTESIAN_POINT('',(4.300002113E1,4.120002167E1,-1.58E1));
#3390=LINE('',#3389,#3388);
#3391=DIRECTION('',(-5.773502691896E-1,-5.773502691896E-1,5.773502691896E-1));
#3392=VECTOR('',#3391,1.732050807569E0);
#3393=CARTESIAN_POINT('',(4.300002113E1,4.120002167E1,-1.38E1));
#3394=LINE('',#3393,#3392);
#3395=DIRECTION('',(5.773502691896E-1,-5.773502691896E-1,5.773502691896E-1));
#3396=VECTOR('',#3395,1.732050807569E0);
#3397=CARTESIAN_POINT('',(-4.299997887E1,4.120002167E1,-1.38E1));
#3398=LINE('',#3397,#3396);
#3399=DIRECTION('',(5.773502691896E-1,5.773502691896E-1,5.773502691896E-1));
#3400=VECTOR('',#3399,1.732050807569E0);
#3401=CARTESIAN_POINT('',(-4.299997887E1,-4.479997833E1,-1.38E1));
#3402=LINE('',#3401,#3400);
#3403=DIRECTION('',(-5.773502691896E-1,5.773502691896E-1,5.773502691896E-1));
#3404=VECTOR('',#3403,1.732050807569E0);
#3405=CARTESIAN_POINT('',(4.300002113E1,-4.479997833E1,-1.38E1));
#3406=LINE('',#3405,#3404);
#3407=DIRECTION('',(-1.E0,0.E0,0.E0));
#3408=VECTOR('',#3407,8.6E1);
#3409=CARTESIAN_POINT('',(4.300002113E1,-4.479997833E1,-1.38E1));
#3410=LINE('',#3409,#3408);
#3411=DIRECTION('',(0.E0,0.E0,-1.E0));
#3412=VECTOR('',#3411,2.E0);
#3413=CARTESIAN_POINT('',(4.300002113E1,-4.479997833E1,-1.38E1));
#3414=LINE('',#3413,#3412);
#3415=DIRECTION('',(-1.E0,0.E0,0.E0));
#3416=VECTOR('',#3415,8.6E1);
#3417=CARTESIAN_POINT('',(4.300002113E1,-4.479997833E1,-1.58E1));
#3418=LINE('',#3417,#3416);
#3419=DIRECTION('',(0.E0,1.E0,0.E0));
#3420=VECTOR('',#3419,8.6E1);
#3421=CARTESIAN_POINT('',(-4.299997887E1,-4.479997833E1,-1.38E1));
#3422=LINE('',#3421,#3420);
#3423=DIRECTION('',(0.E0,0.E0,-1.E0));
#3424=VECTOR('',#3423,2.E0);
#3425=CARTESIAN_POINT('',(-4.299997887E1,-4.479997833E1,-1.38E1));
#3426=LINE('',#3425,#3424);
#3427=DIRECTION('',(0.E0,1.E0,0.E0));
#3428=VECTOR('',#3427,8.6E1);
#3429=CARTESIAN_POINT('',(-4.299997887E1,-4.479997833E1,-1.58E1));
#3430=LINE('',#3429,#3428);
#3431=DIRECTION('',(1.E0,0.E0,0.E0));
#3432=VECTOR('',#3431,8.6E1);
#3433=CARTESIAN_POINT('',(-4.299997887E1,4.120002167E1,-1.38E1));
#3434=LINE('',#3433,#3432);
#3435=DIRECTION('',(0.E0,0.E0,-1.E0));
#3436=VECTOR('',#3435,2.E0);
#3437=CARTESIAN_POINT('',(-4.299997887E1,4.120002167E1,-1.38E1));
#3438=LINE('',#3437,#3436);
#3439=CARTESIAN_POINT('',(-2.999997887E1,-1.79997833E0,-1.42E1));
#3440=DIRECTION('',(0.E0,0.E0,-1.E0));
#3441=DIRECTION('',(-1.E0,0.E0,0.E0));
#3442=AXIS2_PLACEMENT_3D('',#3439,#3440,#3441);
#3444=DIRECTION('',(0.E0,8.895661984809E-14,1.E0));
#3445=VECTOR('',#3444,1.6E0);
#3446=CARTESIAN_POINT('',(-3.174997887E1,-1.79997833E0,-1.58E1));
#3447=LINE('',#3446,#3445);
#3448=DIRECTION('',(7.071067811865E-1,-1.004859173558E-13,-7.071067811865E-1));
#3449=VECTOR('',#3448,1.979898987322E0);
#3450=CARTESIAN_POINT('',(-3.314997887E1,-1.79997833E0,-1.28E1));
#3451=LINE('',#3450,#3449);
#3452=DIRECTION('',(-7.071067811865E-1,1.004859173558E-13,-7.071067811865E-1));
#3453=VECTOR('',#3452,1.979898987322E0);
#3454=CARTESIAN_POINT('',(-2.684997887E1,-1.79997833E0,-1.28E1));
#3455=LINE('',#3454,#3453);
#3456=CARTESIAN_POINT('',(-2.999997887E1,-1.79997833E0,-1.42E1));
#3457=DIRECTION('',(0.E0,0.E0,-1.E0));
#3458=DIRECTION('',(1.E0,0.E0,0.E0));
#3459=AXIS2_PLACEMENT_3D('',#3456,#3457,#3458);
#3461=DIRECTION('',(0.E0,-8.909539772617E-14,1.E0));
#3462=VECTOR('',#3461,1.6E0);
#3463=CARTESIAN_POINT('',(-2.824997887E1,-1.79997833E0,-1.58E1));
#3464=LINE('',#3463,#3462);
#3465=DIRECTION('',(0.E0,0.E0,-1.E0));
#3466=VECTOR('',#3465,3.E0);
#3467=CARTESIAN_POINT('',(2.500002113E1,2.620002167E1,-1.28E1));
#3468=LINE('',#3467,#3466);
#3469=DIRECTION('',(0.E0,0.E0,-1.E0));
#3470=VECTOR('',#3469,3.E0);
#3471=CARTESIAN_POINT('',(2.500002113E1,1.312531655860E1,-1.28E1));
#3472=LINE('',#3471,#3470);
#3473=DIRECTION('',(0.E0,0.E0,-1.E0));
#3474=VECTOR('',#3473,3.E0);
#3475=CARTESIAN_POINT('',(-2.499997887E1,1.312531655860E1,-1.28E1));
#3476=LINE('',#3475,#3474);
#3477=DIRECTION('',(0.E0,0.E0,-1.E0));
#3478=VECTOR('',#3477,3.E0);
#3479=CARTESIAN_POINT('',(-2.499997887E1,2.620002167E1,-1.28E1));
#3480=LINE('',#3479,#3478);
#3481=DIRECTION('',(0.E0,0.E0,-1.E0));
#3482=VECTOR('',#3481,3.E0);
#3483=CARTESIAN_POINT('',(-2.925E1,3.245004334E1,-1.28E1));
#3484=LINE('',#3483,#3482);
#3485=DIRECTION('',(0.E0,0.E0,-1.E0));
#3486=VECTOR('',#3485,3.E0);
#3487=CARTESIAN_POINT('',(-3.725E1,3.245004334E1,-1.28E1));
#3488=LINE('',#3487,#3486);
#3489=DIRECTION('',(0.E0,0.E0,-1.E0));
#3490=VECTOR('',#3489,3.E0);
#3491=CARTESIAN_POINT('',(3.725004226E1,3.245004334E1,-1.28E1));
#3492=LINE('',#3491,#3490);
#3493=DIRECTION('',(0.E0,0.E0,-1.E0));
#3494=VECTOR('',#3493,3.E0);
#3495=CARTESIAN_POINT('',(2.925004226E1,3.245004334E1,-1.28E1));
#3496=LINE('',#3495,#3494);
#3497=DIRECTION('',(0.E0,0.E0,-1.E0));
#3498=VECTOR('',#3497,3.E0);
#3499=CARTESIAN_POINT('',(-2.925E1,-3.605E1,-1.28E1));
#3500=LINE('',#3499,#3498);
#3501=DIRECTION('',(0.E0,0.E0,-1.E0));
#3502=VECTOR('',#3501,3.E0);
#3503=CARTESIAN_POINT('',(-3.725E1,-3.605E1,-1.28E1));
#3504=LINE('',#3503,#3502);
#3505=DIRECTION('',(0.E0,0.E0,-1.E0));
#3506=VECTOR('',#3505,3.E0);
#3507=CARTESIAN_POINT('',(3.725004226E1,-3.605E1,-1.28E1));
#3508=LINE('',#3507,#3506);
#3509=DIRECTION('',(0.E0,0.E0,-1.E0));
#3510=VECTOR('',#3509,3.E0);
#3511=CARTESIAN_POINT('',(2.925004226E1,-3.605E1,-1.28E1));
#3512=LINE('',#3511,#3510);
#3513=DIRECTION('',(0.E0,0.E0,1.E0));
#3514=VECTOR('',#3513,1.E0);
#3515=CARTESIAN_POINT('',(-3.929997887E1,3.864287870373E1,-1.28E1));
#3516=LINE('',#3515,#3514);
#3517=DIRECTION('',(0.E0,0.E0,1.E0));
#3518=VECTOR('',#3517,1.E0);
#3519=CARTESIAN_POINT('',(-3.929997887E1,-4.224283536373E1,-1.28E1));
#3520=LINE('',#3519,#3518);
#3521=DIRECTION('',(0.E0,0.E0,1.E0));
#3522=VECTOR('',#3521,1.E0);
#3523=CARTESIAN_POINT('',(3.930002113E1,-4.224283536373E1,-1.28E1));
#3524=LINE('',#3523,#3522);
#3525=DIRECTION('',(0.E0,0.E0,1.E0));
#3526=VECTOR('',#3525,1.E0);
#3527=CARTESIAN_POINT('',(3.930002113E1,3.864287870373E1,-1.28E1));
#3528=LINE('',#3527,#3526);
#3529=DIRECTION('',(1.E0,0.E0,0.E0));
#3530=VECTOR('',#3529,7.86E1);
#3531=CARTESIAN_POINT('',(-3.929997887E1,3.864287870373E1,-1.18E1));
#3532=LINE('',#3531,#3530);
#3533=DIRECTION('',(0.E0,1.E0,0.E0));
#3534=VECTOR('',#3533,8.088571406745E1);
#3535=CARTESIAN_POINT('',(-3.929997887E1,-4.224283536373E1,-1.18E1));
#3536=LINE('',#3535,#3534);
#3537=DIRECTION('',(-1.E0,0.E0,0.E0));
#3538=VECTOR('',#3537,7.86E1);
#3539=CARTESIAN_POINT('',(3.930002113E1,-4.224283536373E1,-1.18E1));
#3540=LINE('',#3539,#3538);
#3541=DIRECTION('',(0.E0,-1.E0,0.E0));
#3542=VECTOR('',#3541,8.088571406745E1);
#3543=CARTESIAN_POINT('',(3.930002113E1,3.864287870373E1,-1.18E1));
#3544=LINE('',#3543,#3542);
#3545=DIRECTION('',(0.E0,1.E0,0.E0));
#3546=VECTOR('',#3545,8.188571406745E1);
#3547=CARTESIAN_POINT('',(3.980002113E1,-4.274283536373E1,-1.18E1));
#3548=LINE('',#3547,#3546);
#3549=DIRECTION('',(1.E0,0.E0,0.E0));
#3550=VECTOR('',#3549,7.96E1);
#3551=CARTESIAN_POINT('',(-3.979997887E1,-4.274283536373E1,-1.18E1));
#3552=LINE('',#3551,#3550);
#3553=DIRECTION('',(0.E0,-1.E0,0.E0));
#3554=VECTOR('',#3553,8.188571406745E1);
#3555=CARTESIAN_POINT('',(-3.979997887E1,3.914287870373E1,-1.18E1));
#3556=LINE('',#3555,#3554);
#3557=DIRECTION('',(-1.E0,0.E0,0.E0));
#3558=VECTOR('',#3557,7.96E1);
#3559=CARTESIAN_POINT('',(3.980002113E1,3.914287870373E1,-1.18E1));
#3560=LINE('',#3559,#3558);
#3561=DIRECTION('',(5.773502691896E-1,-5.773502691896E-1,-5.773502691896E-1));
#3562=VECTOR('',#3561,1.732050807569E0);
#3563=CARTESIAN_POINT('',(3.980002113E1,-4.274283536373E1,-1.18E1));
#3564=LINE('',#3563,#3562);
#3565=DIRECTION('',(-5.773502691896E-1,-5.773502691896E-1,-5.773502691896E-1));
#3566=VECTOR('',#3565,1.732050807569E0);
#3567=CARTESIAN_POINT('',(-3.979997887E1,-4.274283536373E1,-1.18E1));
#3568=LINE('',#3567,#3566);
#3569=DIRECTION('',(-5.773502691896E-1,5.773502691896E-1,-5.773502691896E-1));
#3570=VECTOR('',#3569,1.732050807569E0);
#3571=CARTESIAN_POINT('',(-3.979997887E1,3.914287870373E1,-1.18E1));
#3572=LINE('',#3571,#3570);
#3573=DIRECTION('',(5.773502691896E-1,5.773502691896E-1,-5.773502691896E-1));
#3574=VECTOR('',#3573,1.732050807569E0);
#3575=CARTESIAN_POINT('',(3.980002113E1,3.914287870373E1,-1.18E1));
#3576=LINE('',#3575,#3574);
#3577=CARTESIAN_POINT('',(2.825002113E1,-1.79997833E0,-1.58E1));
#3578=CARTESIAN_POINT('',(3.175002113E1,-1.79997833E0,-1.58E1));
#3579=VERTEX_POINT('',#3577);
#3580=VERTEX_POINT('',#3578);
#3581=CARTESIAN_POINT('',(-3.174997887E1,-1.79997833E0,-1.58E1));
#3582=CARTESIAN_POINT('',(-2.824997887E1,-1.79997833E0,-1.58E1));
#3583=VERTEX_POINT('',#3581);
#3584=VERTEX_POINT('',#3582);
#3585=CARTESIAN_POINT('',(-2.499997887E1,1.312531655860E1,-1.28E1));
#3586=CARTESIAN_POINT('',(2.500002113E1,1.312531655860E1,-1.28E1));
#3587=VERTEX_POINT('',#3585);
#3588=VERTEX_POINT('',#3586);
#3589=CARTESIAN_POINT('',(-2.499997887E1,1.312531655860E1,-1.58E1));
#3590=CARTESIAN_POINT('',(2.500002113E1,1.312531655860E1,-1.58E1));
#3591=VERTEX_POINT('',#3589);
#3592=VERTEX_POINT('',#3590);
#3593=CARTESIAN_POINT('',(4.300002113E1,4.120002167E1,-1.58E1));
#3594=CARTESIAN_POINT('',(-4.299997887E1,4.120002167E1,-1.58E1));
#3595=VERTEX_POINT('',#3593);
#3596=VERTEX_POINT('',#3594);
#3597=CARTESIAN_POINT('',(4.300002113E1,-4.479997833E1,-1.58E1));
#3598=VERTEX_POINT('',#3597);
#3599=CARTESIAN_POINT('',(-4.299997887E1,-4.479997833E1,-1.58E1));
#3600=VERTEX_POINT('',#3599);
#3601=CARTESIAN_POINT('',(4.821723398622E0,1.131861982394E1,-1.33E1));
#3602=CARTESIAN_POINT('',(4.821723398622E0,6.118619823939E0,-1.33E1));
#3603=VERTEX_POINT('',#3601);
#3604=VERTEX_POINT('',#3602);
#3605=CARTESIAN_POINT('',(-4.821681138622E0,6.118619823939E0,-1.33E1));
#3606=VERTEX_POINT('',#3605);
#3607=CARTESIAN_POINT('',(-4.821681138622E0,1.131861982394E1,-1.33E1));
#3608=VERTEX_POINT('',#3607);
#3609=CARTESIAN_POINT('',(2.800002113E1,-1.874283536373E1,-1.33E1));
#3610=CARTESIAN_POINT('',(2.800002113E1,-2.394283536373E1,-1.33E1));
#3611=VERTEX_POINT('',#3609);
#3612=VERTEX_POINT('',#3610);
#3613=CARTESIAN_POINT('',(1.780002113E1,-2.394283536373E1,-1.33E1));
#3614=VERTEX_POINT('',#3613);
#3615=CARTESIAN_POINT('',(1.780002113E1,-1.874283536373E1,-1.33E1));
#3616=VERTEX_POINT('',#3615);
#3617=CARTESIAN_POINT('',(-1.779997887E1,-1.874283536373E1,-1.33E1));
#3618=CARTESIAN_POINT('',(-1.779997887E1,-2.394283536373E1,-1.33E1));
#3619=VERTEX_POINT('',#3617);
#3620=VERTEX_POINT('',#3618);
#3621=CARTESIAN_POINT('',(-2.799997887E1,-2.394283536373E1,-1.33E1));
#3622=VERTEX_POINT('',#3621);
#3623=CARTESIAN_POINT('',(-2.799997887E1,-1.874283536373E1,-1.33E1));
#3624=VERTEX_POINT('',#3623);
#3625=CARTESIAN_POINT('',(2.685002113E1,-1.79997833E0,-1.28E1));
#3626=CARTESIAN_POINT('',(3.315002113E1,-1.79997833E0,-1.28E1));
#3627=VERTEX_POINT('',#3625);
#3628=VERTEX_POINT('',#3626);
#3629=CARTESIAN_POINT('',(2.825002113E1,-1.79997833E0,-1.42E1));
#3630=CARTESIAN_POINT('',(3.175002113E1,-1.79997833E0,-1.42E1));
#3631=VERTEX_POINT('',#3629);
#3632=VERTEX_POINT('',#3630);
#3633=CARTESIAN_POINT('',(-3.314997887E1,-1.79997833E0,-1.28E1));
#3634=CARTESIAN_POINT('',(-2.684997887E1,-1.79997833E0,-1.28E1));
#3635=VERTEX_POINT('',#3633);
#3636=VERTEX_POINT('',#3634);
#3637=CARTESIAN_POINT('',(-3.174997887E1,-1.79997833E0,-1.42E1));
#3638=CARTESIAN_POINT('',(-2.824997887E1,-1.79997833E0,-1.42E1));
#3639=VERTEX_POINT('',#3637);
#3640=VERTEX_POINT('',#3638);
#3641=VERTEX_POINT('',#2937);
#3642=VERTEX_POINT('',#2983);
#3643=VERTEX_POINT('',#3135);
#3644=VERTEX_POINT('',#3181);
#3645=CARTESIAN_POINT('',(1.780002113E1,-1.874283536373E1,-1.58E1));
#3646=CARTESIAN_POINT('',(1.780002113E1,-2.394283536373E1,-1.58E1));
#3647=VERTEX_POINT('',#3645);
#3648=VERTEX_POINT('',#3646);
#3649=CARTESIAN_POINT('',(2.800002113E1,-1.874283536373E1,-1.58E1));
#3650=VERTEX_POINT('',#3649);
#3651=CARTESIAN_POINT('',(2.800002113E1,-2.394283536373E1,-1.58E1));
#3652=VERTEX_POINT('',#3651);
#3653=CARTESIAN_POINT('',(-1.779997887E1,-1.874283536373E1,-1.58E1));
#3654=CARTESIAN_POINT('',(-2.799997887E1,-1.874283536373E1,-1.58E1));
#3655=VERTEX_POINT('',#3653);
#3656=VERTEX_POINT('',#3654);
#3657=CARTESIAN_POINT('',(-2.799997887E1,-2.394283536373E1,-1.58E1));
#3658=VERTEX_POINT('',#3657);
#3659=CARTESIAN_POINT('',(-1.779997887E1,-2.394283536373E1,-1.58E1));
#3660=VERTEX_POINT('',#3659);
#3661=CARTESIAN_POINT('',(4.821723398622E0,1.131861982394E1,-1.58E1));
#3662=CARTESIAN_POINT('',(-4.821681138622E0,1.131861982394E1,-1.58E1));
#3663=VERTEX_POINT('',#3661);
#3664=VERTEX_POINT('',#3662);
#3665=CARTESIAN_POINT('',(-4.821681138622E0,6.118619823939E0,-1.58E1));
#3666=VERTEX_POINT('',#3665);
#3667=CARTESIAN_POINT('',(4.821723398622E0,6.118619823939E0,-1.58E1));
#3668=VERTEX_POINT('',#3667);
#3669=CARTESIAN_POINT('',(-3.929997887E1,3.864287870373E1,-1.18E1));
#3670=CARTESIAN_POINT('',(3.930002113E1,3.864287870373E1,-1.18E1));
#3671=VERTEX_POINT('',#3669);
#3672=VERTEX_POINT('',#3670);
#3673=CARTESIAN_POINT('',(3.930002113E1,-4.224283536373E1,-1.18E1));
#3674=VERTEX_POINT('',#3673);
#3675=CARTESIAN_POINT('',(-3.929997887E1,-4.224283536373E1,-1.18E1));
#3676=VERTEX_POINT('',#3675);
#3677=CARTESIAN_POINT('',(-3.929997887E1,3.864287870373E1,-1.28E1));
#3678=CARTESIAN_POINT('',(3.930002113E1,3.864287870373E1,-1.28E1));
#3679=VERTEX_POINT('',#3677);
#3680=VERTEX_POINT('',#3678);
#3681=CARTESIAN_POINT('',(3.930002113E1,-4.224283536373E1,-1.28E1));
#3682=VERTEX_POINT('',#3681);
#3683=CARTESIAN_POINT('',(-3.929997887E1,-4.224283536373E1,-1.28E1));
#3684=VERTEX_POINT('',#3683);
#3685=CARTESIAN_POINT('',(4.080002113E1,-4.374283536373E1,-1.28E1));
#3686=CARTESIAN_POINT('',(4.080002113E1,4.014287870373E1,-1.28E1));
#3687=VERTEX_POINT('',#3685);
#3688=VERTEX_POINT('',#3686);
#3689=CARTESIAN_POINT('',(3.980002113E1,-4.274283536373E1,-1.18E1));
#3690=CARTESIAN_POINT('',(3.980002113E1,3.914287870373E1,-1.18E1));
#3691=VERTEX_POINT('',#3689);
#3692=VERTEX_POINT('',#3690);
#3693=CARTESIAN_POINT('',(-3.979997887E1,3.914287870373E1,-1.18E1));
#3694=VERTEX_POINT('',#3693);
#3695=CARTESIAN_POINT('',(-4.079997887E1,4.014287870373E1,-1.28E1));
#3696=VERTEX_POINT('',#3695);
#3697=CARTESIAN_POINT('',(-4.079997887E1,-4.374283536373E1,-1.28E1));
#3698=VERTEX_POINT('',#3697);
#3699=CARTESIAN_POINT('',(-3.979997887E1,-4.274283536373E1,-1.18E1));
#3700=VERTEX_POINT('',#3699);
#3701=CARTESIAN_POINT('',(-2.925E1,3.245004334E1,-1.28E1));
#3702=CARTESIAN_POINT('',(-3.725E1,3.245004334E1,-1.28E1));
#3703=VERTEX_POINT('',#3701);
#3704=VERTEX_POINT('',#3702);
#3705=CARTESIAN_POINT('',(3.725004226E1,3.245004334E1,-1.28E1));
#3706=CARTESIAN_POINT('',(2.925004226E1,3.245004334E1,-1.28E1));
#3707=VERTEX_POINT('',#3705);
#3708=VERTEX_POINT('',#3706);
#3709=CARTESIAN_POINT('',(-2.925E1,-3.605E1,-1.28E1));
#3710=CARTESIAN_POINT('',(-3.725E1,-3.605E1,-1.28E1));
#3711=VERTEX_POINT('',#3709);
#3712=VERTEX_POINT('',#3710);
#3713=CARTESIAN_POINT('',(3.725004226E1,-3.605E1,-1.28E1));
#3714=CARTESIAN_POINT('',(2.925004226E1,-3.605E1,-1.28E1));
#3715=VERTEX_POINT('',#3713);
#3716=VERTEX_POINT('',#3714);
#3717=CARTESIAN_POINT('',(-2.925E1,3.245004334E1,-1.58E1));
#3718=CARTESIAN_POINT('',(-3.725E1,3.245004334E1,-1.58E1));
#3719=VERTEX_POINT('',#3717);
#3720=VERTEX_POINT('',#3718);
#3721=CARTESIAN_POINT('',(3.725004226E1,3.245004334E1,-1.58E1));
#3722=CARTESIAN_POINT('',(2.925004226E1,3.245004334E1,-1.58E1));
#3723=VERTEX_POINT('',#3721);
#3724=VERTEX_POINT('',#3722);
#3725=CARTESIAN_POINT('',(-2.925E1,-3.605E1,-1.58E1));
#3726=CARTESIAN_POINT('',(-3.725E1,-3.605E1,-1.58E1));
#3727=VERTEX_POINT('',#3725);
#3728=VERTEX_POINT('',#3726);
#3729=CARTESIAN_POINT('',(3.725004226E1,-3.605E1,-1.58E1));
#3730=CARTESIAN_POINT('',(2.925004226E1,-3.605E1,-1.58E1));
#3731=VERTEX_POINT('',#3729);
#3732=VERTEX_POINT('',#3730);
#3733=CARTESIAN_POINT('',(-4.199997887E1,-4.379997833E1,-1.28E1));
#3734=CARTESIAN_POINT('',(-4.199997887E1,4.020002167E1,-1.28E1));
#3735=VERTEX_POINT('',#3733);
#3736=VERTEX_POINT('',#3734);
#3737=CARTESIAN_POINT('',(-4.299997887E1,-4.479997833E1,-1.38E1));
#3738=CARTESIAN_POINT('',(-4.299997887E1,4.120002167E1,-1.38E1));
#3739=VERTEX_POINT('',#3737);
#3740=VERTEX_POINT('',#3738);
#3741=CARTESIAN_POINT('',(4.200002113E1,4.020002167E1,-1.28E1));
#3742=VERTEX_POINT('',#3741);
#3743=CARTESIAN_POINT('',(4.300002113E1,4.120002167E1,-1.38E1));
#3744=VERTEX_POINT('',#3743);
#3745=CARTESIAN_POINT('',(4.200002113E1,-4.379997833E1,-1.28E1));
#3746=VERTEX_POINT('',#3745);
#3747=CARTESIAN_POINT('',(4.300002113E1,-4.479997833E1,-1.38E1));
#3748=VERTEX_POINT('',#3747);
#3749=CARTESIAN_POINT('',(0.E0,0.E0,-1.28E1));
#3750=DIRECTION('',(0.E0,0.E0,-1.E0));
#3751=DIRECTION('',(-1.E0,0.E0,0.E0));
#3752=AXIS2_PLACEMENT_3D('',#3749,#3750,#3751);
#3753=PLANE('',#3752);
#3755=ORIENTED_EDGE('',*,*,#3754,.T.);
#3757=ORIENTED_EDGE('',*,*,#3756,.T.);
#3759=ORIENTED_EDGE('',*,*,#3758,.T.);
#3761=ORIENTED_EDGE('',*,*,#3760,.T.);
#3762=EDGE_LOOP('',(#3755,#3757,#3759,#3761));
#3763=FACE_OUTER_BOUND('',#3762,.F.);
#3765=ORIENTED_EDGE('',*,*,#3764,.F.);
#3767=ORIENTED_EDGE('',*,*,#3766,.F.);
#3768=EDGE_LOOP('',(#3765,#3767));
#3769=FACE_BOUND('',#3768,.F.);
#3771=ORIENTED_EDGE('',*,*,#3770,.F.);
#3773=ORIENTED_EDGE('',*,*,#3772,.F.);
#3774=EDGE_LOOP('',(#3771,#3773));
#3775=FACE_BOUND('',#3774,.F.);
#3777=ORIENTED_EDGE('',*,*,#3776,.F.);
#3779=ORIENTED_EDGE('',*,*,#3778,.T.);
#3781=ORIENTED_EDGE('',*,*,#3780,.T.);
#3783=ORIENTED_EDGE('',*,*,#3782,.T.);
#3784=EDGE_LOOP('',(#3777,#3779,#3781,#3783));
#3785=FACE_BOUND('',#3784,.F.);
#3787=ORIENTED_EDGE('',*,*,#3786,.T.);
#3789=ORIENTED_EDGE('',*,*,#3788,.T.);
#3790=EDGE_LOOP('',(#3787,#3789));
#3791=FACE_BOUND('',#3790,.F.);
#3793=ORIENTED_EDGE('',*,*,#3792,.T.);
#3795=ORIENTED_EDGE('',*,*,#3794,.T.);
#3796=EDGE_LOOP('',(#3793,#3795));
#3797=FACE_BOUND('',#3796,.F.);
#3799=ORIENTED_EDGE('',*,*,#3798,.T.);
#3801=ORIENTED_EDGE('',*,*,#3800,.T.);
#3802=EDGE_LOOP('',(#3799,#3801));
#3803=FACE_BOUND('',#3802,.F.);
#3805=ORIENTED_EDGE('',*,*,#3804,.T.);
#3807=ORIENTED_EDGE('',*,*,#3806,.T.);
#3808=EDGE_LOOP('',(#3805,#3807));
#3809=FACE_BOUND('',#3808,.F.);
#3810=ADVANCED_FACE('',(#3763,#3769,#3775,#3785,#3791,#3797,#3803,#3809),#3753,
.F.);
#3811=CARTESIAN_POINT('',(0.E0,0.E0,-1.28E1));
#3812=DIRECTION('',(0.E0,0.E0,-1.E0));
#3813=DIRECTION('',(-1.E0,0.E0,0.E0));
#3814=AXIS2_PLACEMENT_3D('',#3811,#3812,#3813);
#3815=PLANE('',#3814);
#3817=ORIENTED_EDGE('',*,*,#3816,.T.);
#3819=ORIENTED_EDGE('',*,*,#3818,.T.);
#3821=ORIENTED_EDGE('',*,*,#3820,.T.);
#3823=ORIENTED_EDGE('',*,*,#3822,.T.);
#3824=EDGE_LOOP('',(#3817,#3819,#3821,#3823));
#3825=FACE_OUTER_BOUND('',#3824,.F.);
#3827=ORIENTED_EDGE('',*,*,#3826,.T.);
#3829=ORIENTED_EDGE('',*,*,#3828,.T.);
#3831=ORIENTED_EDGE('',*,*,#3830,.T.);
#3833=ORIENTED_EDGE('',*,*,#3832,.T.);
#3834=EDGE_LOOP('',(#3827,#3829,#3831,#3833));
#3835=FACE_BOUND('',#3834,.F.);
#3836=ADVANCED_FACE('',(#3825,#3835),#3815,.F.);
#3837=CARTESIAN_POINT('',(3.000002113E1,-1.79997833E0,-1.35E1));
#3838=DIRECTION('',(0.E0,0.E0,1.E0));
#3839=DIRECTION('',(0.E0,-1.E0,0.E0));
#3840=AXIS2_PLACEMENT_3D('',#3837,#3838,#3839);
#3841=CONICAL_SURFACE('',#3840,2.45E0,4.5E1);
#3842=ORIENTED_EDGE('',*,*,#3764,.T.);
#3844=ORIENTED_EDGE('',*,*,#3843,.T.);
#3846=ORIENTED_EDGE('',*,*,#3845,.F.);
#3848=ORIENTED_EDGE('',*,*,#3847,.F.);
#3849=EDGE_LOOP('',(#3842,#3844,#3846,#3848));
#3850=FACE_OUTER_BOUND('',#3849,.F.);
#3851=ADVANCED_FACE('',(#3850),#3841,.F.);
#3852=CARTESIAN_POINT('',(3.000002113E1,-1.79997833E0,-1.35E1));
#3853=DIRECTION('',(0.E0,0.E0,1.E0));
#3854=DIRECTION('',(0.E0,-1.E0,0.E0));
#3855=AXIS2_PLACEMENT_3D('',#3852,#3853,#3854);
#3856=CONICAL_SURFACE('',#3855,2.45E0,4.5E1);
#3857=ORIENTED_EDGE('',*,*,#3766,.T.);
#3858=ORIENTED_EDGE('',*,*,#3847,.T.);
#3860=ORIENTED_EDGE('',*,*,#3859,.F.);
#3861=ORIENTED_EDGE('',*,*,#3843,.F.);
#3862=EDGE_LOOP('',(#3857,#3858,#3860,#3861));
#3863=FACE_OUTER_BOUND('',#3862,.F.);
#3864=ADVANCED_FACE('',(#3863),#3856,.F.);
#3865=CARTESIAN_POINT('',(3.000002113E1,-1.79997833E0,-1.58E1));
#3866=DIRECTION('',(0.E0,0.E0,-1.E0));
#3867=DIRECTION('',(-1.E0,0.E0,0.E0));
#3868=AXIS2_PLACEMENT_3D('',#3865,#3866,#3867);
#3869=CYLINDRICAL_SURFACE('',#3868,1.75E0);
#3870=ORIENTED_EDGE('',*,*,#3859,.T.);
#3872=ORIENTED_EDGE('',*,*,#3871,.F.);
#3874=ORIENTED_EDGE('',*,*,#3873,.F.);
#3876=ORIENTED_EDGE('',*,*,#3875,.T.);
#3877=EDGE_LOOP('',(#3870,#3872,#3874,#3876));
#3878=FACE_OUTER_BOUND('',#3877,.F.);
#3879=ADVANCED_FACE('',(#3878),#3869,.F.);
#3880=CARTESIAN_POINT('',(3.000002113E1,-1.79997833E0,-1.58E1));
#3881=DIRECTION('',(0.E0,0.E0,-1.E0));
#3882=DIRECTION('',(-1.E0,0.E0,0.E0));
#3883=AXIS2_PLACEMENT_3D('',#3880,#3881,#3882);
#3884=CYLINDRICAL_SURFACE('',#3883,1.75E0);
#3885=ORIENTED_EDGE('',*,*,#3845,.T.);
#3886=ORIENTED_EDGE('',*,*,#3875,.F.);
#3888=ORIENTED_EDGE('',*,*,#3887,.F.);
#3889=ORIENTED_EDGE('',*,*,#3871,.T.);
#3890=EDGE_LOOP('',(#3885,#3886,#3888,#3889));
#3891=FACE_OUTER_BOUND('',#3890,.F.);
#3892=ADVANCED_FACE('',(#3891),#3884,.F.);
#3893=CARTESIAN_POINT('',(0.E0,0.E0,-1.58E1));
#3894=DIRECTION('',(0.E0,0.E0,-1.E0));
#3895=DIRECTION('',(-1.E0,0.E0,0.E0));
#3896=AXIS2_PLACEMENT_3D('',#3893,#3894,#3895);
#3897=PLANE('',#3896);
#3899=ORIENTED_EDGE('',*,*,#3898,.F.);
#3901=ORIENTED_EDGE('',*,*,#3900,.T.);
#3903=ORIENTED_EDGE('',*,*,#3902,.F.);
#3905=ORIENTED_EDGE('',*,*,#3904,.F.);
#3906=EDGE_LOOP('',(#3899,#3901,#3903,#3905));
#3907=FACE_OUTER_BOUND('',#3906,.F.);
#3909=ORIENTED_EDGE('',*,*,#3908,.F.);
#3911=ORIENTED_EDGE('',*,*,#3910,.F.);
#3913=ORIENTED_EDGE('',*,*,#3912,.F.);
#3915=ORIENTED_EDGE('',*,*,#3914,.F.);
#3916=EDGE_LOOP('',(#3909,#3911,#3913,#3915));
#3917=FACE_BOUND('',#3916,.F.);
#3919=ORIENTED_EDGE('',*,*,#3918,.F.);
#3921=ORIENTED_EDGE('',*,*,#3920,.F.);
#3923=ORIENTED_EDGE('',*,*,#3922,.F.);
#3925=ORIENTED_EDGE('',*,*,#3924,.F.);
#3926=EDGE_LOOP('',(#3919,#3921,#3923,#3925));
#3927=FACE_BOUND('',#3926,.F.);
#3929=ORIENTED_EDGE('',*,*,#3928,.F.);
#3931=ORIENTED_EDGE('',*,*,#3930,.F.);
#3933=ORIENTED_EDGE('',*,*,#3932,.F.);
#3935=ORIENTED_EDGE('',*,*,#3934,.F.);
#3936=EDGE_LOOP('',(#3929,#3931,#3933,#3935));
#3937=FACE_BOUND('',#3936,.F.);
#3938=ORIENTED_EDGE('',*,*,#3887,.T.);
#3939=ORIENTED_EDGE('',*,*,#3873,.T.);
#3940=EDGE_LOOP('',(#3938,#3939));
#3941=FACE_BOUND('',#3940,.F.);
#3943=ORIENTED_EDGE('',*,*,#3942,.T.);
#3945=ORIENTED_EDGE('',*,*,#3944,.T.);
#3946=EDGE_LOOP('',(#3943,#3945));
#3947=FACE_BOUND('',#3946,.F.);
#3949=ORIENTED_EDGE('',*,*,#3948,.T.);
#3951=ORIENTED_EDGE('',*,*,#3950,.F.);
#3953=ORIENTED_EDGE('',*,*,#3952,.F.);
#3955=ORIENTED_EDGE('',*,*,#3954,.F.);
#3956=EDGE_LOOP('',(#3949,#3951,#3953,#3955));
#3957=FACE_BOUND('',#3956,.F.);
#3959=ORIENTED_EDGE('',*,*,#3958,.F.);
#3961=ORIENTED_EDGE('',*,*,#3960,.F.);
#3962=EDGE_LOOP('',(#3959,#3961));
#3963=FACE_BOUND('',#3962,.F.);
#3965=ORIENTED_EDGE('',*,*,#3964,.F.);
#3967=ORIENTED_EDGE('',*,*,#3966,.F.);
#3968=EDGE_LOOP('',(#3965,#3967));
#3969=FACE_BOUND('',#3968,.F.);
#3971=ORIENTED_EDGE('',*,*,#3970,.F.);
#3973=ORIENTED_EDGE('',*,*,#3972,.F.);
#3974=EDGE_LOOP('',(#3971,#3973));
#3975=FACE_BOUND('',#3974,.F.);
#3977=ORIENTED_EDGE('',*,*,#3976,.F.);
#3979=ORIENTED_EDGE('',*,*,#3978,.F.);
#3980=EDGE_LOOP('',(#3977,#3979));
#3981=FACE_BOUND('',#3980,.F.);
#3982=ADVANCED_FACE('',(#3907,#3917,#3927,#3937,#3941,#3947,#3957,#3963,#3969,
#3975,#3981),#3897,.T.);
#3983=CARTESIAN_POINT('',(4.821723398622E0,1.131861982394E1,-1.58E1));
#3984=DIRECTION('',(0.E0,-1.E0,0.E0));
#3985=DIRECTION('',(-1.E0,0.E0,0.E0));
#3986=AXIS2_PLACEMENT_3D('',#3983,#3984,#3985);
#3987=PLANE('',#3986);
#3988=ORIENTED_EDGE('',*,*,#3928,.T.);
#3990=ORIENTED_EDGE('',*,*,#3989,.T.);
#3992=ORIENTED_EDGE('',*,*,#3991,.T.);
#3994=ORIENTED_EDGE('',*,*,#3993,.T.);
#3995=EDGE_LOOP('',(#3988,#3990,#3992,#3994));
#3996=FACE_OUTER_BOUND('',#3995,.F.);
#3997=ADVANCED_FACE('',(#3996),#3987,.T.);
#3998=CARTESIAN_POINT('',(-4.821681138622E0,1.131861982394E1,-1.58E1));
#3999=DIRECTION('',(1.E0,0.E0,0.E0));
#4000=DIRECTION('',(0.E0,-1.E0,0.E0));
#4001=AXIS2_PLACEMENT_3D('',#3998,#3999,#4000);
#4002=PLANE('',#4001);
#4003=ORIENTED_EDGE('',*,*,#3934,.T.);
#4005=ORIENTED_EDGE('',*,*,#4004,.T.);
#4007=ORIENTED_EDGE('',*,*,#4006,.T.);
#4008=ORIENTED_EDGE('',*,*,#3989,.F.);
#4009=EDGE_LOOP('',(#4003,#4005,#4007,#4008));
#4010=FACE_OUTER_BOUND('',#4009,.F.);
#4011=ADVANCED_FACE('',(#4010),#4002,.T.);
#4012=CARTESIAN_POINT('',(-4.821681138622E0,6.118619823939E0,-1.58E1));
#4013=DIRECTION('',(0.E0,1.E0,0.E0));
#4014=DIRECTION('',(1.E0,0.E0,0.E0));
#4015=AXIS2_PLACEMENT_3D('',#4012,#4013,#4014);
#4016=PLANE('',#4015);
#4017=ORIENTED_EDGE('',*,*,#3932,.T.);
#4019=ORIENTED_EDGE('',*,*,#4018,.T.);
#4021=ORIENTED_EDGE('',*,*,#4020,.T.);
#4022=ORIENTED_EDGE('',*,*,#4004,.F.);
#4023=EDGE_LOOP('',(#4017,#4019,#4021,#4022));
#4024=FACE_OUTER_BOUND('',#4023,.F.);
#4025=ADVANCED_FACE('',(#4024),#4016,.T.);
#4026=CARTESIAN_POINT('',(4.821723398622E0,6.118619823939E0,-1.58E1));
#4027=DIRECTION('',(-1.E0,0.E0,0.E0));
#4028=DIRECTION('',(0.E0,1.E0,0.E0));
#4029=AXIS2_PLACEMENT_3D('',#4026,#4027,#4028);
#4030=PLANE('',#4029);
#4031=ORIENTED_EDGE('',*,*,#3930,.T.);
#4032=ORIENTED_EDGE('',*,*,#3993,.F.);
#4034=ORIENTED_EDGE('',*,*,#4033,.T.);
#4035=ORIENTED_EDGE('',*,*,#4018,.F.);
#4036=EDGE_LOOP('',(#4031,#4032,#4034,#4035));
#4037=FACE_OUTER_BOUND('',#4036,.F.);
#4038=ADVANCED_FACE('',(#4037),#4030,.T.);
#4039=CARTESIAN_POINT('',(0.E0,0.E0,-1.33E1));
#4040=DIRECTION('',(0.E0,0.E0,-1.E0));
#4041=DIRECTION('',(-1.E0,0.E0,0.E0));
#4042=AXIS2_PLACEMENT_3D('',#4039,#4040,#4041);
#4043=PLANE('',#4042);
#4044=ORIENTED_EDGE('',*,*,#4033,.F.);
#4045=ORIENTED_EDGE('',*,*,#3991,.F.);
#4046=ORIENTED_EDGE('',*,*,#4006,.F.);
#4047=ORIENTED_EDGE('',*,*,#4020,.F.);
#4048=EDGE_LOOP('',(#4044,#4045,#4046,#4047));
#4049=FACE_OUTER_BOUND('',#4048,.F.);
#4050=ADVANCED_FACE('',(#4049),#4043,.T.);
#4051=CARTESIAN_POINT('',(0.E0,0.E0,-1.33E1));
#4052=DIRECTION('',(0.E0,0.E0,-1.E0));
#4053=DIRECTION('',(-1.E0,0.E0,0.E0));
#4054=AXIS2_PLACEMENT_3D('',#4051,#4052,#4053);
#4055=PLANE('',#4054);
#4057=ORIENTED_EDGE('',*,*,#4056,.F.);
#4059=ORIENTED_EDGE('',*,*,#4058,.F.);
#4061=ORIENTED_EDGE('',*,*,#4060,.F.);
#4063=ORIENTED_EDGE('',*,*,#4062,.F.);
#4064=EDGE_LOOP('',(#4057,#4059,#4061,#4063));
#4065=FACE_OUTER_BOUND('',#4064,.F.);
#4066=ADVANCED_FACE('',(#4065),#4055,.T.);
#4067=CARTESIAN_POINT('',(0.E0,0.E0,-1.33E1));
#4068=DIRECTION('',(0.E0,0.E0,-1.E0));
#4069=DIRECTION('',(-1.E0,0.E0,0.E0));
#4070=AXIS2_PLACEMENT_3D('',#4067,#4068,#4069);
#4071=PLANE('',#4070);
#4073=ORIENTED_EDGE('',*,*,#4072,.F.);
#4075=ORIENTED_EDGE('',*,*,#4074,.F.);
#4077=ORIENTED_EDGE('',*,*,#4076,.F.);
#4079=ORIENTED_EDGE('',*,*,#4078,.F.);
#4080=EDGE_LOOP('',(#4073,#4075,#4077,#4079));
#4081=FACE_OUTER_BOUND('',#4080,.F.);
#4082=ADVANCED_FACE('',(#4081),#4071,.T.);
#4083=CARTESIAN_POINT('',(2.800002113E1,-2.394283536373E1,-1.58E1));
#4084=DIRECTION('',(-1.E0,0.E0,0.E0));
#4085=DIRECTION('',(0.E0,1.E0,0.E0));
#4086=AXIS2_PLACEMENT_3D('',#4083,#4084,#4085);
#4087=PLANE('',#4086);
#4088=ORIENTED_EDGE('',*,*,#3922,.T.);
#4090=ORIENTED_EDGE('',*,*,#4089,.F.);
#4091=ORIENTED_EDGE('',*,*,#4056,.T.);
#4093=ORIENTED_EDGE('',*,*,#4092,.F.);
#4094=EDGE_LOOP('',(#4088,#4090,#4091,#4093));
#4095=FACE_OUTER_BOUND('',#4094,.F.);
#4096=ADVANCED_FACE('',(#4095),#4087,.T.);
#4097=CARTESIAN_POINT('',(2.800002113E1,-1.874283536373E1,-1.58E1));
#4098=DIRECTION('',(0.E0,-1.E0,0.E0));
#4099=DIRECTION('',(-1.E0,0.E0,0.E0));
#4100=AXIS2_PLACEMENT_3D('',#4097,#4098,#4099);
#4101=PLANE('',#4100);
#4102=ORIENTED_EDGE('',*,*,#3920,.T.);
#4104=ORIENTED_EDGE('',*,*,#4103,.T.);
#4105=ORIENTED_EDGE('',*,*,#4058,.T.);
#4106=ORIENTED_EDGE('',*,*,#4089,.T.);
#4107=EDGE_LOOP('',(#4102,#4104,#4105,#4106));
#4108=FACE_OUTER_BOUND('',#4107,.F.);
#4109=ADVANCED_FACE('',(#4108),#4101,.T.);
#4110=CARTESIAN_POINT('',(1.780002113E1,-1.874283536373E1,-1.58E1));
#4111=DIRECTION('',(1.E0,0.E0,0.E0));
#4112=DIRECTION('',(0.E0,-1.E0,0.E0));
#4113=AXIS2_PLACEMENT_3D('',#4110,#4111,#4112);
#4114=PLANE('',#4113);
#4115=ORIENTED_EDGE('',*,*,#3918,.T.);
#4117=ORIENTED_EDGE('',*,*,#4116,.T.);
#4118=ORIENTED_EDGE('',*,*,#4060,.T.);
#4119=ORIENTED_EDGE('',*,*,#4103,.F.);
#4120=EDGE_LOOP('',(#4115,#4117,#4118,#4119));
#4121=FACE_OUTER_BOUND('',#4120,.F.);
#4122=ADVANCED_FACE('',(#4121),#4114,.T.);
#4123=CARTESIAN_POINT('',(1.780002113E1,-2.394283536373E1,-1.58E1));
#4124=DIRECTION('',(0.E0,1.E0,0.E0));
#4125=DIRECTION('',(1.E0,0.E0,0.E0));
#4126=AXIS2_PLACEMENT_3D('',#4123,#4124,#4125);
#4127=PLANE('',#4126);
#4128=ORIENTED_EDGE('',*,*,#3924,.T.);
#4129=ORIENTED_EDGE('',*,*,#4092,.T.);
#4130=ORIENTED_EDGE('',*,*,#4062,.T.);
#4131=ORIENTED_EDGE('',*,*,#4116,.F.);
#4132=EDGE_LOOP('',(#4128,#4129,#4130,#4131));
#4133=FACE_OUTER_BOUND('',#4132,.F.);
#4134=ADVANCED_FACE('',(#4133),#4127,.T.);
#4135=CARTESIAN_POINT('',(-1.779997887E1,-2.394283536373E1,-1.58E1));
#4136=DIRECTION('',(-1.E0,0.E0,0.E0));
#4137=DIRECTION('',(0.E0,1.E0,0.E0));
#4138=AXIS2_PLACEMENT_3D('',#4135,#4136,#4137);
#4139=PLANE('',#4138);
#4140=ORIENTED_EDGE('',*,*,#3910,.T.);
#4142=ORIENTED_EDGE('',*,*,#4141,.F.);
#4143=ORIENTED_EDGE('',*,*,#4072,.T.);
#4145=ORIENTED_EDGE('',*,*,#4144,.F.);
#4146=EDGE_LOOP('',(#4140,#4142,#4143,#4145));
#4147=FACE_OUTER_BOUND('',#4146,.F.);
#4148=ADVANCED_FACE('',(#4147),#4139,.T.);
#4149=CARTESIAN_POINT('',(-1.779997887E1,-1.874283536373E1,-1.58E1));
#4150=DIRECTION('',(0.E0,-1.E0,0.E0));
#4151=DIRECTION('',(-1.E0,0.E0,0.E0));
#4152=AXIS2_PLACEMENT_3D('',#4149,#4150,#4151);
#4153=PLANE('',#4152);
#4154=ORIENTED_EDGE('',*,*,#3908,.T.);
#4156=ORIENTED_EDGE('',*,*,#4155,.T.);
#4157=ORIENTED_EDGE('',*,*,#4074,.T.);
#4158=ORIENTED_EDGE('',*,*,#4141,.T.);
#4159=EDGE_LOOP('',(#4154,#4156,#4157,#4158));
#4160=FACE_OUTER_BOUND('',#4159,.F.);
#4161=ADVANCED_FACE('',(#4160),#4153,.T.);
#4162=CARTESIAN_POINT('',(-2.799997887E1,-1.874283536373E1,-1.58E1));
#4163=DIRECTION('',(1.E0,0.E0,0.E0));
#4164=DIRECTION('',(0.E0,-1.E0,0.E0));
#4165=AXIS2_PLACEMENT_3D('',#4162,#4163,#4164);
#4166=PLANE('',#4165);
#4167=ORIENTED_EDGE('',*,*,#3914,.T.);
#4169=ORIENTED_EDGE('',*,*,#4168,.T.);
#4170=ORIENTED_EDGE('',*,*,#4076,.T.);
#4171=ORIENTED_EDGE('',*,*,#4155,.F.);
#4172=EDGE_LOOP('',(#4167,#4169,#4170,#4171));
#4173=FACE_OUTER_BOUND('',#4172,.F.);
#4174=ADVANCED_FACE('',(#4173),#4166,.T.);
#4175=CARTESIAN_POINT('',(-2.799997887E1,-2.394283536373E1,-1.58E1));
#4176=DIRECTION('',(0.E0,1.E0,0.E0));
#4177=DIRECTION('',(1.E0,0.E0,0.E0));
#4178=AXIS2_PLACEMENT_3D('',#4175,#4176,#4177);
#4179=PLANE('',#4178);
#4180=ORIENTED_EDGE('',*,*,#3912,.T.);
#4181=ORIENTED_EDGE('',*,*,#4144,.T.);
#4182=ORIENTED_EDGE('',*,*,#4078,.T.);
#4183=ORIENTED_EDGE('',*,*,#4168,.F.);
#4184=EDGE_LOOP('',(#4180,#4181,#4182,#4183));
#4185=FACE_OUTER_BOUND('',#4184,.F.);
#4186=ADVANCED_FACE('',(#4185),#4179,.T.);
#4187=CARTESIAN_POINT('',(4.300002113E1,4.120002167E1,-1.28E1));
#4188=DIRECTION('',(1.E0,0.E0,0.E0));
#4189=DIRECTION('',(0.E0,-1.E0,0.E0));
#4190=AXIS2_PLACEMENT_3D('',#4187,#4188,#4189);
#4191=PLANE('',#4190);
#4193=ORIENTED_EDGE('',*,*,#4192,.F.);
#4195=ORIENTED_EDGE('',*,*,#4194,.T.);
#4196=ORIENTED_EDGE('',*,*,#3898,.T.);
#4198=ORIENTED_EDGE('',*,*,#4197,.F.);
#4199=EDGE_LOOP('',(#4193,#4195,#4196,#4198));
#4200=FACE_OUTER_BOUND('',#4199,.F.);
#4201=ADVANCED_FACE('',(#4200),#4191,.T.);
#4202=CARTESIAN_POINT('',(4.250002113E1,-1.79997833E0,-1.33E1));
#4203=DIRECTION('',(7.071067811865E-1,0.E0,7.071067811865E-1));
#4204=DIRECTION('',(-7.071067811865E-1,0.E0,7.071067811865E-1));
#4205=AXIS2_PLACEMENT_3D('',#4202,#4203,#4204);
#4206=PLANE('',#4205);
#4207=ORIENTED_EDGE('',*,*,#3820,.F.);
#4209=ORIENTED_EDGE('',*,*,#4208,.F.);
#4210=ORIENTED_EDGE('',*,*,#4192,.T.);
#4212=ORIENTED_EDGE('',*,*,#4211,.T.);
#4213=EDGE_LOOP('',(#4207,#4209,#4210,#4212));
#4214=FACE_OUTER_BOUND('',#4213,.F.);
#4215=ADVANCED_FACE('',(#4214),#4206,.T.);
#4216=CARTESIAN_POINT('',(2.112999997905E-5,4.070002167E1,-1.33E1));
#4217=DIRECTION('',(0.E0,7.071067811865E-1,7.071067811865E-1));
#4218=DIRECTION('',(0.E0,-7.071067811865E-1,7.071067811865E-1));
#4219=AXIS2_PLACEMENT_3D('',#4216,#4217,#4218);
#4220=PLANE('',#4219);
#4221=ORIENTED_EDGE('',*,*,#3818,.F.);
#4223=ORIENTED_EDGE('',*,*,#4222,.F.);
#4225=ORIENTED_EDGE('',*,*,#4224,.T.);
#4226=ORIENTED_EDGE('',*,*,#4208,.T.);
#4227=EDGE_LOOP('',(#4221,#4223,#4225,#4226));
#4228=FACE_OUTER_BOUND('',#4227,.F.);
#4229=ADVANCED_FACE('',(#4228),#4220,.T.);
#4230=CARTESIAN_POINT('',(-4.249997887E1,-1.79997833E0,-1.33E1));
#4231=DIRECTION('',(-7.071067811865E-1,0.E0,7.071067811865E-1));
#4232=DIRECTION('',(7.071067811865E-1,0.E0,7.071067811865E-1));
#4233=AXIS2_PLACEMENT_3D('',#4230,#4231,#4232);
#4234=PLANE('',#4233);
#4235=ORIENTED_EDGE('',*,*,#3816,.F.);
#4237=ORIENTED_EDGE('',*,*,#4236,.F.);
#4239=ORIENTED_EDGE('',*,*,#4238,.T.);
#4240=ORIENTED_EDGE('',*,*,#4222,.T.);
#4241=EDGE_LOOP('',(#4235,#4237,#4239,#4240));
#4242=FACE_OUTER_BOUND('',#4241,.F.);
#4243=ADVANCED_FACE('',(#4242),#4234,.T.);
#4244=CARTESIAN_POINT('',(2.113000003590E-5,-4.429997833E1,-1.33E1));
#4245=DIRECTION('',(0.E0,-7.071067811865E-1,7.071067811865E-1));
#4246=DIRECTION('',(0.E0,7.071067811865E-1,7.071067811865E-1));
#4247=AXIS2_PLACEMENT_3D('',#4244,#4245,#4246);
#4248=PLANE('',#4247);
#4249=ORIENTED_EDGE('',*,*,#3822,.F.);
#4250=ORIENTED_EDGE('',*,*,#4211,.F.);
#4252=ORIENTED_EDGE('',*,*,#4251,.T.);
#4253=ORIENTED_EDGE('',*,*,#4236,.T.);
#4254=EDGE_LOOP('',(#4249,#4250,#4252,#4253));
#4255=FACE_OUTER_BOUND('',#4254,.F.);
#4256=ADVANCED_FACE('',(#4255),#4248,.T.);
#4257=CARTESIAN_POINT('',(4.300002113E1,-4.479997833E1,-1.28E1));
#4258=DIRECTION('',(0.E0,-1.E0,0.E0));
#4259=DIRECTION('',(-1.E0,0.E0,0.E0));
#4260=AXIS2_PLACEMENT_3D('',#4257,#4258,#4259);
#4261=PLANE('',#4260);
#4262=ORIENTED_EDGE('',*,*,#4251,.F.);
#4263=ORIENTED_EDGE('',*,*,#4197,.T.);
#4264=ORIENTED_EDGE('',*,*,#3904,.T.);
#4266=ORIENTED_EDGE('',*,*,#4265,.F.);
#4267=EDGE_LOOP('',(#4262,#4263,#4264,#4266));
#4268=FACE_OUTER_BOUND('',#4267,.F.);
#4269=ADVANCED_FACE('',(#4268),#4261,.T.);
#4270=CARTESIAN_POINT('',(-4.299997887E1,-4.479997833E1,-1.28E1));
#4271=DIRECTION('',(-1.E0,0.E0,0.E0));
#4272=DIRECTION('',(0.E0,1.E0,0.E0));
#4273=AXIS2_PLACEMENT_3D('',#4270,#4271,#4272);
#4274=PLANE('',#4273);
#4275=ORIENTED_EDGE('',*,*,#4238,.F.);
#4276=ORIENTED_EDGE('',*,*,#4265,.T.);
#4277=ORIENTED_EDGE('',*,*,#3902,.T.);
#4279=ORIENTED_EDGE('',*,*,#4278,.F.);
#4280=EDGE_LOOP('',(#4275,#4276,#4277,#4279));
#4281=FACE_OUTER_BOUND('',#4280,.F.);
#4282=ADVANCED_FACE('',(#4281),#4274,.T.);
#4283=CARTESIAN_POINT('',(-4.299997887E1,4.120002167E1,-1.28E1));
#4284=DIRECTION('',(0.E0,1.E0,0.E0));
#4285=DIRECTION('',(1.E0,0.E0,0.E0));
#4286=AXIS2_PLACEMENT_3D('',#4283,#4284,#4285);
#4287=PLANE('',#4286);
#4288=ORIENTED_EDGE('',*,*,#4224,.F.);
#4289=ORIENTED_EDGE('',*,*,#4278,.T.);
#4290=ORIENTED_EDGE('',*,*,#3900,.F.);
#4291=ORIENTED_EDGE('',*,*,#4194,.F.);
#4292=EDGE_LOOP('',(#4288,#4289,#4290,#4291));
#4293=FACE_OUTER_BOUND('',#4292,.F.);
#4294=ADVANCED_FACE('',(#4293),#4287,.T.);
#4295=CARTESIAN_POINT('',(-2.999997887E1,-1.79997833E0,-1.58E1));
#4296=DIRECTION('',(0.E0,0.E0,-1.E0));
#4297=DIRECTION('',(-1.E0,0.E0,0.E0));
#4298=AXIS2_PLACEMENT_3D('',#4295,#4296,#4297);
#4299=CYLINDRICAL_SURFACE('',#4298,1.75E0);
#4301=ORIENTED_EDGE('',*,*,#4300,.T.);
#4303=ORIENTED_EDGE('',*,*,#4302,.F.);
#4304=ORIENTED_EDGE('',*,*,#3942,.F.);
#4306=ORIENTED_EDGE('',*,*,#4305,.T.);
#4307=EDGE_LOOP('',(#4301,#4303,#4304,#4306));
#4308=FACE_OUTER_BOUND('',#4307,.F.);
#4309=ADVANCED_FACE('',(#4308),#4299,.F.);
#4310=CARTESIAN_POINT('',(-2.999997887E1,-1.79997833E0,-1.35E1));
#4311=DIRECTION('',(0.E0,0.E0,1.E0));
#4312=DIRECTION('',(0.E0,-1.E0,0.E0));
#4313=AXIS2_PLACEMENT_3D('',#4310,#4311,#4312);
#4314=CONICAL_SURFACE('',#4313,2.45E0,4.5E1);
#4315=ORIENTED_EDGE('',*,*,#3770,.T.);
#4317=ORIENTED_EDGE('',*,*,#4316,.T.);
#4318=ORIENTED_EDGE('',*,*,#4300,.F.);
#4320=ORIENTED_EDGE('',*,*,#4319,.F.);
#4321=EDGE_LOOP('',(#4315,#4317,#4318,#4320));
#4322=FACE_OUTER_BOUND('',#4321,.F.);
#4323=ADVANCED_FACE('',(#4322),#4314,.F.);
#4324=CARTESIAN_POINT('',(-2.999997887E1,-1.79997833E0,-1.35E1));
#4325=DIRECTION('',(0.E0,0.E0,1.E0));
#4326=DIRECTION('',(0.E0,-1.E0,0.E0));
#4327=AXIS2_PLACEMENT_3D('',#4324,#4325,#4326);
#4328=CONICAL_SURFACE('',#4327,2.45E0,4.5E1);
#4329=ORIENTED_EDGE('',*,*,#3772,.T.);
#4330=ORIENTED_EDGE('',*,*,#4319,.T.);
#4332=ORIENTED_EDGE('',*,*,#4331,.F.);
#4333=ORIENTED_EDGE('',*,*,#4316,.F.);
#4334=EDGE_LOOP('',(#4329,#4330,#4332,#4333));
#4335=FACE_OUTER_BOUND('',#4334,.F.);
#4336=ADVANCED_FACE('',(#4335),#4328,.F.);
#4337=CARTESIAN_POINT('',(-2.999997887E1,-1.79997833E0,-1.58E1));
#4338=DIRECTION('',(0.E0,0.E0,-1.E0));
#4339=DIRECTION('',(-1.E0,0.E0,0.E0));
#4340=AXIS2_PLACEMENT_3D('',#4337,#4338,#4339);
#4341=CYLINDRICAL_SURFACE('',#4340,1.75E0);
#4342=ORIENTED_EDGE('',*,*,#4331,.T.);
#4343=ORIENTED_EDGE('',*,*,#4305,.F.);
#4344=ORIENTED_EDGE('',*,*,#3944,.F.);
#4345=ORIENTED_EDGE('',*,*,#4302,.T.);
#4346=EDGE_LOOP('',(#4342,#4343,#4344,#4345));
#4347=FACE_OUTER_BOUND('',#4346,.F.);
#4348=ADVANCED_FACE('',(#4347),#4341,.F.);
#4349=CARTESIAN_POINT('',(2.113000000037E-5,2.620002167E1,-1.58E1));
#4350=DIRECTION('',(0.E0,0.E0,-1.E0));
#4351=DIRECTION('',(-1.E0,0.E0,0.E0));
#4352=AXIS2_PLACEMENT_3D('',#4349,#4350,#4351);
#4354=DIRECTION('',(0.E0,0.E0,-1.E0));
#4355=VECTOR('',#4354,1.E0);
#4356=SURFACE_OF_LINEAR_EXTRUSION('',#4353,#4355);
#4357=ORIENTED_EDGE('',*,*,#3776,.T.);
#4359=ORIENTED_EDGE('',*,*,#4358,.T.);
#4360=ORIENTED_EDGE('',*,*,#3948,.F.);
#4362=ORIENTED_EDGE('',*,*,#4361,.F.);
#4363=EDGE_LOOP('',(#4357,#4359,#4360,#4362));
#4364=FACE_OUTER_BOUND('',#4363,.F.);
#4365=ADVANCED_FACE('',(#4364),#4356,.F.);
#4366=CARTESIAN_POINT('',(2.500002113E1,1.312531655860E1,-1.28E1));
#4367=DIRECTION('',(1.E0,0.E0,0.E0));
#4368=DIRECTION('',(0.E0,1.E0,0.E0));
#4369=AXIS2_PLACEMENT_3D('',#4366,#4367,#4368);
#4370=PLANE('',#4369);
#4371=ORIENTED_EDGE('',*,*,#4358,.F.);
#4372=ORIENTED_EDGE('',*,*,#3782,.F.);
#4374=ORIENTED_EDGE('',*,*,#4373,.T.);
#4375=ORIENTED_EDGE('',*,*,#3950,.T.);
#4376=EDGE_LOOP('',(#4371,#4372,#4374,#4375));
#4377=FACE_OUTER_BOUND('',#4376,.F.);
#4378=ADVANCED_FACE('',(#4377),#4370,.F.);
#4379=CARTESIAN_POINT('',(-2.499997887E1,1.312531655860E1,-1.28E1));
#4380=DIRECTION('',(0.E0,-1.E0,0.E0));
#4381=DIRECTION('',(1.E0,0.E0,0.E0));
#4382=AXIS2_PLACEMENT_3D('',#4379,#4380,#4381);
#4383=PLANE('',#4382);
#4384=ORIENTED_EDGE('',*,*,#3780,.F.);
#4386=ORIENTED_EDGE('',*,*,#4385,.T.);
#4387=ORIENTED_EDGE('',*,*,#3952,.T.);
#4388=ORIENTED_EDGE('',*,*,#4373,.F.);
#4389=EDGE_LOOP('',(#4384,#4386,#4387,#4388));
#4390=FACE_OUTER_BOUND('',#4389,.F.);
#4391=ADVANCED_FACE('',(#4390),#4383,.F.);
#4392=CARTESIAN_POINT('',(-2.499997887E1,2.620002167E1,-1.28E1));
#4393=DIRECTION('',(-1.E0,0.E0,0.E0));
#4394=DIRECTION('',(0.E0,-1.E0,0.E0));
#4395=AXIS2_PLACEMENT_3D('',#4392,#4393,#4394);
#4396=PLANE('',#4395);
#4397=ORIENTED_EDGE('',*,*,#4361,.T.);
#4398=ORIENTED_EDGE('',*,*,#3954,.T.);
#4399=ORIENTED_EDGE('',*,*,#4385,.F.);
#4400=ORIENTED_EDGE('',*,*,#3778,.F.);
#4401=EDGE_LOOP('',(#4397,#4398,#4399,#4400));
#4402=FACE_OUTER_BOUND('',#4401,.F.);
#4403=ADVANCED_FACE('',(#4402),#4396,.F.);
#4404=CARTESIAN_POINT('',(-3.325E1,3.245004334E1,-1.28E1));
#4405=DIRECTION('',(0.E0,0.E0,1.E0));
#4406=DIRECTION('',(1.E0,0.E0,0.E0));
#4407=AXIS2_PLACEMENT_3D('',#4404,#4405,#4406);
#4408=CYLINDRICAL_SURFACE('',#4407,4.E0);
#4409=ORIENTED_EDGE('',*,*,#3786,.F.);
#4411=ORIENTED_EDGE('',*,*,#4410,.T.);
#4412=ORIENTED_EDGE('',*,*,#3958,.T.);
#4414=ORIENTED_EDGE('',*,*,#4413,.F.);
#4415=EDGE_LOOP('',(#4409,#4411,#4412,#4414));
#4416=FACE_OUTER_BOUND('',#4415,.F.);
#4417=ADVANCED_FACE('',(#4416),#4408,.F.);
#4418=CARTESIAN_POINT('',(-3.325E1,3.245004334E1,-1.28E1));
#4419=DIRECTION('',(0.E0,0.E0,1.E0));
#4420=DIRECTION('',(1.E0,0.E0,0.E0));
#4421=AXIS2_PLACEMENT_3D('',#4418,#4419,#4420);
#4422=CYLINDRICAL_SURFACE('',#4421,4.E0);
#4423=ORIENTED_EDGE('',*,*,#3788,.F.);
#4424=ORIENTED_EDGE('',*,*,#4413,.T.);
#4425=ORIENTED_EDGE('',*,*,#3960,.T.);
#4426=ORIENTED_EDGE('',*,*,#4410,.F.);
#4427=EDGE_LOOP('',(#4423,#4424,#4425,#4426));
#4428=FACE_OUTER_BOUND('',#4427,.F.);
#4429=ADVANCED_FACE('',(#4428),#4422,.F.);
#4430=CARTESIAN_POINT('',(3.325004226E1,3.245004334E1,-1.28E1));
#4431=DIRECTION('',(0.E0,0.E0,1.E0));
#4432=DIRECTION('',(1.E0,0.E0,0.E0));
#4433=AXIS2_PLACEMENT_3D('',#4430,#4431,#4432);
#4434=CYLINDRICAL_SURFACE('',#4433,4.E0);
#4435=ORIENTED_EDGE('',*,*,#3792,.F.);
#4437=ORIENTED_EDGE('',*,*,#4436,.T.);
#4438=ORIENTED_EDGE('',*,*,#3964,.T.);
#4440=ORIENTED_EDGE('',*,*,#4439,.F.);
#4441=EDGE_LOOP('',(#4435,#4437,#4438,#4440));
#4442=FACE_OUTER_BOUND('',#4441,.F.);
#4443=ADVANCED_FACE('',(#4442),#4434,.F.);
#4444=CARTESIAN_POINT('',(3.325004226E1,3.245004334E1,-1.28E1));
#4445=DIRECTION('',(0.E0,0.E0,1.E0));
#4446=DIRECTION('',(1.E0,0.E0,0.E0));
#4447=AXIS2_PLACEMENT_3D('',#4444,#4445,#4446);
#4448=CYLINDRICAL_SURFACE('',#4447,4.E0);
#4449=ORIENTED_EDGE('',*,*,#3794,.F.);
#4450=ORIENTED_EDGE('',*,*,#4439,.T.);
#4451=ORIENTED_EDGE('',*,*,#3966,.T.);
#4452=ORIENTED_EDGE('',*,*,#4436,.F.);
#4453=EDGE_LOOP('',(#4449,#4450,#4451,#4452));
#4454=FACE_OUTER_BOUND('',#4453,.F.);
#4455=ADVANCED_FACE('',(#4454),#4448,.F.);
#4456=CARTESIAN_POINT('',(-3.325E1,-3.605E1,-1.28E1));
#4457=DIRECTION('',(0.E0,0.E0,1.E0));
#4458=DIRECTION('',(1.E0,0.E0,0.E0));
#4459=AXIS2_PLACEMENT_3D('',#4456,#4457,#4458);
#4460=CYLINDRICAL_SURFACE('',#4459,4.E0);
#4461=ORIENTED_EDGE('',*,*,#3798,.F.);
#4463=ORIENTED_EDGE('',*,*,#4462,.T.);
#4464=ORIENTED_EDGE('',*,*,#3970,.T.);
#4466=ORIENTED_EDGE('',*,*,#4465,.F.);
#4467=EDGE_LOOP('',(#4461,#4463,#4464,#4466));
#4468=FACE_OUTER_BOUND('',#4467,.F.);
#4469=ADVANCED_FACE('',(#4468),#4460,.F.);
#4470=CARTESIAN_POINT('',(-3.325E1,-3.605E1,-1.28E1));
#4471=DIRECTION('',(0.E0,0.E0,1.E0));
#4472=DIRECTION('',(1.E0,0.E0,0.E0));
#4473=AXIS2_PLACEMENT_3D('',#4470,#4471,#4472);
#4474=CYLINDRICAL_SURFACE('',#4473,4.E0);
#4475=ORIENTED_EDGE('',*,*,#3800,.F.);
#4476=ORIENTED_EDGE('',*,*,#4465,.T.);
#4477=ORIENTED_EDGE('',*,*,#3972,.T.);
#4478=ORIENTED_EDGE('',*,*,#4462,.F.);
#4479=EDGE_LOOP('',(#4475,#4476,#4477,#4478));
#4480=FACE_OUTER_BOUND('',#4479,.F.);
#4481=ADVANCED_FACE('',(#4480),#4474,.F.);
#4482=CARTESIAN_POINT('',(3.325004226E1,-3.605E1,-1.28E1));
#4483=DIRECTION('',(0.E0,0.E0,1.E0));
#4484=DIRECTION('',(1.E0,0.E0,0.E0));
#4485=AXIS2_PLACEMENT_3D('',#4482,#4483,#4484);
#4486=CYLINDRICAL_SURFACE('',#4485,4.E0);
#4487=ORIENTED_EDGE('',*,*,#3804,.F.);
#4489=ORIENTED_EDGE('',*,*,#4488,.T.);
#4490=ORIENTED_EDGE('',*,*,#3976,.T.);
#4492=ORIENTED_EDGE('',*,*,#4491,.F.);
#4493=EDGE_LOOP('',(#4487,#4489,#4490,#4492));
#4494=FACE_OUTER_BOUND('',#4493,.F.);
#4495=ADVANCED_FACE('',(#4494),#4486,.F.);
#4496=CARTESIAN_POINT('',(3.325004226E1,-3.605E1,-1.28E1));
#4497=DIRECTION('',(0.E0,0.E0,1.E0));
#4498=DIRECTION('',(1.E0,0.E0,0.E0));
#4499=AXIS2_PLACEMENT_3D('',#4496,#4497,#4498);
#4500=CYLINDRICAL_SURFACE('',#4499,4.E0);
#4501=ORIENTED_EDGE('',*,*,#3806,.F.);
#4502=ORIENTED_EDGE('',*,*,#4491,.T.);
#4503=ORIENTED_EDGE('',*,*,#3978,.T.);
#4504=ORIENTED_EDGE('',*,*,#4488,.F.);
#4505=EDGE_LOOP('',(#4501,#4502,#4503,#4504));
#4506=FACE_OUTER_BOUND('',#4505,.F.);
#4507=ADVANCED_FACE('',(#4506),#4500,.F.);
#4508=CARTESIAN_POINT('',(-3.899997887E1,3.864287870373E1,-1.28E1));
#4509=DIRECTION('',(0.E0,-1.E0,0.E0));
#4510=DIRECTION('',(1.E0,0.E0,0.E0));
#4511=AXIS2_PLACEMENT_3D('',#4508,#4509,#4510);
#4512=PLANE('',#4511);
#4513=ORIENTED_EDGE('',*,*,#3754,.F.);
#4515=ORIENTED_EDGE('',*,*,#4514,.T.);
#4517=ORIENTED_EDGE('',*,*,#4516,.T.);
#4519=ORIENTED_EDGE('',*,*,#4518,.F.);
#4520=EDGE_LOOP('',(#4513,#4515,#4517,#4519));
#4521=FACE_OUTER_BOUND('',#4520,.F.);
#4522=ADVANCED_FACE('',(#4521),#4512,.T.);
#4523=CARTESIAN_POINT('',(-3.929997887E1,-4.194283536373E1,-1.28E1));
#4524=DIRECTION('',(1.E0,0.E0,0.E0));
#4525=DIRECTION('',(0.E0,1.E0,0.E0));
#4526=AXIS2_PLACEMENT_3D('',#4523,#4524,#4525);
#4527=PLANE('',#4526);
#4528=ORIENTED_EDGE('',*,*,#3760,.F.);
#4530=ORIENTED_EDGE('',*,*,#4529,.T.);
#4532=ORIENTED_EDGE('',*,*,#4531,.T.);
#4533=ORIENTED_EDGE('',*,*,#4514,.F.);
#4534=EDGE_LOOP('',(#4528,#4530,#4532,#4533));
#4535=FACE_OUTER_BOUND('',#4534,.F.);
#4536=ADVANCED_FACE('',(#4535),#4527,.T.);
#4537=CARTESIAN_POINT('',(3.900002113E1,-4.224283536373E1,-1.28E1));
#4538=DIRECTION('',(0.E0,1.E0,0.E0));
#4539=DIRECTION('',(-1.E0,0.E0,0.E0));
#4540=AXIS2_PLACEMENT_3D('',#4537,#4538,#4539);
#4541=PLANE('',#4540);
#4542=ORIENTED_EDGE('',*,*,#3758,.F.);
#4544=ORIENTED_EDGE('',*,*,#4543,.T.);
#4546=ORIENTED_EDGE('',*,*,#4545,.T.);
#4547=ORIENTED_EDGE('',*,*,#4529,.F.);
#4548=EDGE_LOOP('',(#4542,#4544,#4546,#4547));
#4549=FACE_OUTER_BOUND('',#4548,.F.);
#4550=ADVANCED_FACE('',(#4549),#4541,.T.);
#4551=CARTESIAN_POINT('',(3.930002113E1,3.834287870373E1,-1.28E1));
#4552=DIRECTION('',(-1.E0,0.E0,0.E0));
#4553=DIRECTION('',(0.E0,-1.E0,0.E0));
#4554=AXIS2_PLACEMENT_3D('',#4551,#4552,#4553);
#4555=PLANE('',#4554);
#4556=ORIENTED_EDGE('',*,*,#3756,.F.);
#4557=ORIENTED_EDGE('',*,*,#4518,.T.);
#4559=ORIENTED_EDGE('',*,*,#4558,.T.);
#4560=ORIENTED_EDGE('',*,*,#4543,.F.);
#4561=EDGE_LOOP('',(#4556,#4557,#4559,#4560));
#4562=FACE_OUTER_BOUND('',#4561,.F.);
#4563=ADVANCED_FACE('',(#4562),#4555,.T.);
#4564=CARTESIAN_POINT('',(0.E0,0.E0,-1.18E1));
#4565=DIRECTION('',(0.E0,0.E0,1.E0));
#4566=DIRECTION('',(1.E0,0.E0,0.E0));
#4567=AXIS2_PLACEMENT_3D('',#4564,#4565,#4566);
#4568=PLANE('',#4567);
#4570=ORIENTED_EDGE('',*,*,#4569,.F.);
#4572=ORIENTED_EDGE('',*,*,#4571,.F.);
#4574=ORIENTED_EDGE('',*,*,#4573,.F.);
#4576=ORIENTED_EDGE('',*,*,#4575,.F.);
#4577=EDGE_LOOP('',(#4570,#4572,#4574,#4576));
#4578=FACE_OUTER_BOUND('',#4577,.F.);
#4579=ORIENTED_EDGE('',*,*,#4516,.F.);
#4580=ORIENTED_EDGE('',*,*,#4531,.F.);
#4581=ORIENTED_EDGE('',*,*,#4545,.F.);
#4582=ORIENTED_EDGE('',*,*,#4558,.F.);
#4583=EDGE_LOOP('',(#4579,#4580,#4581,#4582));
#4584=FACE_BOUND('',#4583,.F.);
#4585=ADVANCED_FACE('',(#4578,#4584),#4568,.T.);
#4586=CARTESIAN_POINT('',(4.030002113E1,-1.79997833E0,-1.23E1));
#4587=DIRECTION('',(7.071067811865E-1,0.E0,7.071067811865E-1));
#4588=DIRECTION('',(7.071067811865E-1,0.E0,-7.071067811865E-1));
#4589=AXIS2_PLACEMENT_3D('',#4586,#4587,#4588);
#4590=PLANE('',#4589);
#4591=ORIENTED_EDGE('',*,*,#3826,.F.);
#4593=ORIENTED_EDGE('',*,*,#4592,.F.);
#4594=ORIENTED_EDGE('',*,*,#4569,.T.);
#4596=ORIENTED_EDGE('',*,*,#4595,.T.);
#4597=EDGE_LOOP('',(#4591,#4593,#4594,#4596));
#4598=FACE_OUTER_BOUND('',#4597,.F.);
#4599=ADVANCED_FACE('',(#4598),#4590,.T.);
#4600=CARTESIAN_POINT('',(2.112999997905E-5,-4.324283536373E1,-1.23E1));
#4601=DIRECTION('',(0.E0,-7.071067811865E-1,7.071067811865E-1));
#4602=DIRECTION('',(0.E0,-7.071067811865E-1,-7.071067811865E-1));
#4603=AXIS2_PLACEMENT_3D('',#4600,#4601,#4602);
#4604=PLANE('',#4603);
#4605=ORIENTED_EDGE('',*,*,#3832,.F.);
#4607=ORIENTED_EDGE('',*,*,#4606,.F.);
#4608=ORIENTED_EDGE('',*,*,#4571,.T.);
#4609=ORIENTED_EDGE('',*,*,#4592,.T.);
#4610=EDGE_LOOP('',(#4605,#4607,#4608,#4609));
#4611=FACE_OUTER_BOUND('',#4610,.F.);
#4612=ADVANCED_FACE('',(#4611),#4604,.T.);
#4613=CARTESIAN_POINT('',(-4.029997887E1,-1.79997833E0,-1.23E1));
#4614=DIRECTION('',(-7.071067811865E-1,0.E0,7.071067811865E-1));
#4615=DIRECTION('',(-7.071067811865E-1,0.E0,-7.071067811865E-1));
#4616=AXIS2_PLACEMENT_3D('',#4613,#4614,#4615);
#4617=PLANE('',#4616);
#4618=ORIENTED_EDGE('',*,*,#3830,.F.);
#4620=ORIENTED_EDGE('',*,*,#4619,.F.);
#4621=ORIENTED_EDGE('',*,*,#4573,.T.);
#4622=ORIENTED_EDGE('',*,*,#4606,.T.);
#4623=EDGE_LOOP('',(#4618,#4620,#4621,#4622));
#4624=FACE_OUTER_BOUND('',#4623,.F.);
#4625=ADVANCED_FACE('',(#4624),#4617,.T.);
#4626=CARTESIAN_POINT('',(2.112999999326E-5,3.964287870373E1,-1.23E1));
#4627=DIRECTION('',(0.E0,7.071067811865E-1,7.071067811865E-1));
#4628=DIRECTION('',(0.E0,7.071067811865E-1,-7.071067811865E-1));
#4629=AXIS2_PLACEMENT_3D('',#4626,#4627,#4628);
#4630=PLANE('',#4629);
#4631=ORIENTED_EDGE('',*,*,#4575,.T.);
#4632=ORIENTED_EDGE('',*,*,#4619,.T.);
#4633=ORIENTED_EDGE('',*,*,#3828,.F.);
#4634=ORIENTED_EDGE('',*,*,#4595,.F.);
#4635=EDGE_LOOP('',(#4631,#4632,#4633,#4634));
#4636=FACE_OUTER_BOUND('',#4635,.F.);
#4637=ADVANCED_FACE('',(#4636),#4630,.T.);
#4641=DIMENSIONAL_EXPONENTS(0.E0,0.E0,0.E0,0.E0,0.E0,0.E0,0.E0);
#4643=PLANE_ANGLE_MEASURE_WITH_UNIT(PLANE_ANGLE_MEASURE(1.745329251994E-2),
#4642);
#4644=(CONVERSION_BASED_UNIT('DEGREE',#4643)NAMED_UNIT(*)PLANE_ANGLE_UNIT());
#4646=UNCERTAINTY_MEASURE_WITH_UNIT(LENGTH_MEASURE(3.9E-4),#4640,'closure',
'Maximum model space distance between geometric entities at asserted connectivities');
#4647=(GEOMETRIC_REPRESENTATION_CONTEXT(3)GLOBAL_UNCERTAINTY_ASSIGNED_CONTEXT((
#4646))GLOBAL_UNIT_ASSIGNED_CONTEXT((#4640,#4644,#4645))REPRESENTATION_CONTEXT(
'ID2','3'));
#4648=CARTESIAN_POINT('',(0.E0,0.E0,0.E0));
#4649=DIRECTION('',(0.E0,0.E0,1.E0));
#4650=DIRECTION('',(1.E0,0.E0,0.E0));
#4653=MECHANICAL_CONTEXT('',#2896,'mechanical');
#4654=PRODUCT('PRT0002','PRT0002','NOT SPECIFIED',(#4653));
#4655=PRODUCT_DEFINITION_FORMATION_WITH_SPECIFIED_SOURCE('3','LAST_VERSION',
#4654,.MADE.);
#4661=CARTESIAN_POINT('',(0.E0,0.E0,0.E0));
#4662=DIRECTION('',(0.E0,0.E0,1.E0));
#4663=DIRECTION('',(1.E0,0.E0,0.E0));
#4664=AXIS2_PLACEMENT_3D('',#4661,#4662,#4663);
#4665=ITEM_DEFINED_TRANSFORMATION('','',#4651,#4664);
#4666=(REPRESENTATION_RELATIONSHIP('','',#4652,#2907)REPRESENTATION_RELATIONSHIP_WITH_TRANSFORMATION(#4665)SHAPE_REPRESENTATION_RELATIONSHIP());
#4667=CONTEXT_DEPENDENT_SHAPE_REPRESENTATION(#4666,#4660);
#4669=DIMENSIONAL_EXPONENTS(0.E0,0.E0,0.E0,0.E0,0.E0,0.E0,0.E0);
#4671=PLANE_ANGLE_MEASURE_WITH_UNIT(PLANE_ANGLE_MEASURE(1.745329251994E-2),
#4670);
#4672=(CONVERSION_BASED_UNIT('DEGREE',#4671)NAMED_UNIT(*)PLANE_ANGLE_UNIT());
#4674=UNCERTAINTY_MEASURE_WITH_UNIT(LENGTH_MEASURE(8.659907627683E-2),#4668,
'closure',
'Maximum model space distance between geometric entities at asserted connectivities');
#4675=(GEOMETRIC_REPRESENTATION_CONTEXT(3)GLOBAL_UNCERTAINTY_ASSIGNED_CONTEXT((
#4674))GLOBAL_UNIT_ASSIGNED_CONTEXT((#4668,#4672,#4673))REPRESENTATION_CONTEXT(
'ID3','3'));
#4676=CARTESIAN_POINT('',(0.E0,0.E0,0.E0));
#4677=DIRECTION('',(0.E0,0.E0,1.E0));
#4678=DIRECTION('',(1.E0,0.E0,0.E0));
#4680=DESIGN_CONTEXT('',#2896,'design');
#4681=MECHANICAL_CONTEXT('',#2896,'mechanical');
#4682=PRODUCT('ESP32-S3-TOUCH-LCD-4_ASM_ASM','ESP32-S3-TOUCH-LCD-4_ASM_ASM',
'NOT SPECIFIED',(#4681));
#4683=PRODUCT_DEFINITION_FORMATION_WITH_SPECIFIED_SOURCE('2','LAST_VERSION',
#4682,.MADE.);
#4685=PRODUCT_CATEGORY('part','');
#4686=PRODUCT_RELATED_PRODUCT_CATEGORY('assembly','',(#4682));
#4687=PRODUCT_CATEGORY_RELATIONSHIP('','',#4685,#4686);
#4688=PRODUCT_CATEGORY('part','');
#4689=PRODUCT_RELATED_PRODUCT_CATEGORY('detail','',(#2900,#4654));
#4690=PRODUCT_CATEGORY_RELATIONSHIP('','',#4688,#4689);
#4691=SECURITY_CLASSIFICATION_LEVEL('unclassified');
#4692=SECURITY_CLASSIFICATION('','',#4691);
#4693=CC_DESIGN_SECURITY_CLASSIFICATION(#4692,(#2901,#4655,#4683,#2908,#4659));
#4694=APPROVAL_STATUS('approved');
#4695=APPROVAL(#4694,'');
#4696=CC_DESIGN_APPROVAL(#4695,(#4692,#2901,#4655,#4683,#2902,#4656,#4684));
#4697=CALENDAR_DATE(126,10,5);
#4698=COORDINATED_UNIVERSAL_TIME_OFFSET(8,0,.AHEAD.);
#4699=LOCAL_TIME(15,37,5.E0,#4698);
#4700=DATE_AND_TIME(#4697,#4699);
#4701=APPROVAL_DATE_TIME(#4700,#4695);
#4702=DATE_TIME_ROLE('creation_date');
#4703=CC_DESIGN_DATE_AND_TIME_ASSIGNMENT(#4700,#4702,(#2902,#4656,#4684));
#4704=DATE_TIME_ROLE('classification_date');
#4705=CC_DESIGN_DATE_AND_TIME_ASSIGNMENT(#4700,#4704,(#4692));
#4706=PERSON('UNSPECIFIED','UNSPECIFIED',$,$,$,$);
#4707=ORGANIZATION('UNSPECIFIED','UNSPECIFIED','UNSPECIFIED');
#4708=PERSON_AND_ORGANIZATION(#4706,#4707);
#4709=APPROVAL_ROLE('approver');
#4710=APPROVAL_PERSON_ORGANIZATION(#4708,#4695,#4709);
#4711=PERSON_AND_ORGANIZATION_ROLE('creator');
#4712=CC_DESIGN_PERSON_AND_ORGANIZATION_ASSIGNMENT(#4708,#4711,(#2901,#4655,
#4683,#2902,#4656,#4684));
#4713=PERSON_AND_ORGANIZATION_ROLE('design_supplier');
#4714=CC_DESIGN_PERSON_AND_ORGANIZATION_ASSIGNMENT(#4708,#4713,(#2901,#4655,
#4683));
#4715=PERSON_AND_ORGANIZATION_ROLE('classification_officer');
#4716=CC_DESIGN_PERSON_AND_ORGANIZATION_ASSIGNMENT(#4708,#4715,(#4692));
#4717=PERSON_AND_ORGANIZATION_ROLE('design_owner');
#4718=CC_DESIGN_PERSON_AND_ORGANIZATION_ASSIGNMENT(#4708,#4717,(#4682,#2900,
#4654));
#1=DRAUGHTING_PRE_DEFINED_COLOUR('black');
#2=COLOUR_RGB('',0.E0,1.058823529412E-1,1.921568627451E-1);
#3=COLOUR_RGB('',0.E0,5.019607843137E-1,0.E0);
#4=COLOUR_RGB('',0.E0,6.392156862745E-1,4.313725490196E-1);
#5=DRAUGHTING_PRE_DEFINED_COLOUR('green');
#6=COLOUR_RGB('',7.843137254902E-3,2.392156862745E-1,8.235294117647E-1);
#7=COLOUR_RGB('',1.1E-2,1.2E-2,1.E0);
#8=COLOUR_RGB('',9.019607843137E-2,2.235294117647E-1,4.196078431373E-1);
#9=COLOUR_RGB('',1.098039215686E-1,1.098039215686E-1,1.098039215686E-1);
#10=COLOUR_RGB('',2.509803921569E-1,2.509803921569E-1,2.509803921569E-1);
#11=COLOUR_RGB('',3.294117647059E-1,3.568627450980E-1,3.882352941176E-1);
#12=COLOUR_RGB('',4.1E-1,2.61589E-1,1.12848E-1);
#13=COLOUR_RGB('',4.392156862745E-1,4.392156862745E-1,4.392156862745E-1);
#14=COLOUR_RGB('',4.705882352941E-1,6.980392156863E-1,4.823529411765E-1);
#15=COLOUR_RGB('',5.019607843137E-1,5.019607843137E-1,5.019607843137E-1);
#16=COLOUR_RGB('',5.04854E-1,1.5455E-2,1.5455E-2);
#17=COLOUR_RGB('',5.372549019608E-1,3.490196078431E-1,3.372549019608E-1);
#18=COLOUR_RGB('',5.882352941176E-1,5.686274509804E-1,5.490196078431E-1);
#19=COLOUR_RGB('',6.E-1,8.E-1,1.E0);
#20=COLOUR_RGB('',6.35294E-1,6.86275E-1,7.4902E-1);
#21=COLOUR_RGB('',6.40777E-1,6.40777E-1,6.40777E-1);
#22=COLOUR_RGB('',6.470588235294E-1,5.176470588235E-1,0.E0);
#23=COLOUR_RGB('',6.69062E-1,6.69903E-1,6.55217E-1);
#24=COLOUR_RGB('',7.490196078431E-1,5.803921568627E-1,3.725490196078E-1);
#25=COLOUR_RGB('',7.647058823529E-1,8.117647058824E-1,8.039215686275E-1);
#26=COLOUR_RGB('',7.843137254902E-1,9.647058823529E-1,6.509803921569E-1);
#27=COLOUR_RGB('',7.960784313725E-1,8.235294117647E-1,9.372549019608E-1);
#28=COLOUR_RGB('',8.235294117647E-1,7.058823529412E-1,4.313725490196E-1);
#29=COLOUR_RGB('',8.274509803922E-1,6.862745098039E-1,2.196078431373E-1);
#30=COLOUR_RGB('',8.705882352941E-1,8.705882352941E-1,8.705882352941E-1);
#31=COLOUR_RGB('',9.21569E-1,7.05882E-1,4.70588E-1);
#32=DRAUGHTING_PRE_DEFINED_COLOUR('red');
#33=COLOUR_RGB('',1.E0,8.352941176471E-1,3.803921568627E-1);
#34=COLOUR_RGB('',1.E0,8.509803921569E-1,0.E0);
#35=COLOUR_RGB('',1.E0,9.372549019608E-1,1.372549019608E-1);
#36=DRAUGHTING_PRE_DEFINED_COLOUR('yellow');
#37=COLOUR_RGB('',1.E0,1.E0,5.3E-1);
#38=COLOUR_RGB('',1.E0,1.E0,9.49E-1);
#39=DRAUGHTING_PRE_DEFINED_COLOUR('white');
#44=CIRCLE('',#43,2.75E0);
#49=CIRCLE('',#48,2.75E0);
#54=CIRCLE('',#53,2.75E0);
#59=CIRCLE('',#58,2.75E0);
#64=CIRCLE('',#63,2.75E0);
#69=CIRCLE('',#68,2.75E0);
#74=CIRCLE('',#73,2.75E0);
#79=CIRCLE('',#78,2.75E0);
#84=CIRCLE('',#83,1.6E0);
#89=CIRCLE('',#88,1.6E0);
#94=CIRCLE('',#93,1.6E0);
#99=CIRCLE('',#98,1.6E0);
#104=CIRCLE('',#103,1.6E0);
#109=CIRCLE('',#108,1.6E0);
#114=CIRCLE('',#113,1.6E0);
#119=CIRCLE('',#118,1.6E0);
#128=CIRCLE('',#127,2.75E0);
#137=CIRCLE('',#136,2.75E0);
#142=CIRCLE('',#141,3.E0);
#147=CIRCLE('',#146,3.E0);
#152=CIRCLE('',#151,3.E0);
#157=CIRCLE('',#156,3.E0);
#226=CIRCLE('',#225,8.E-1);
#231=CIRCLE('',#230,8.E-1);
#264=CIRCLE('',#263,2.75E0);
#273=CIRCLE('',#272,2.75E0);
#282=CIRCLE('',#281,2.75E0);
#291=CIRCLE('',#290,2.75E0);
#300=CIRCLE('',#299,2.75E0);
#309=CIRCLE('',#308,2.75E0);
#334=CIRCLE('',#333,1.6E0);
#339=CIRCLE('',#338,1.6E0);
#344=CIRCLE('',#343,1.6E0);
#349=CIRCLE('',#348,1.6E0);
#354=CIRCLE('',#353,1.6E0);
#359=CIRCLE('',#358,1.6E0);
#364=CIRCLE('',#363,1.6E0);
#369=CIRCLE('',#368,1.6E0);
#374=CIRCLE('',#373,3.E0);
#379=CIRCLE('',#378,3.E0);
#384=CIRCLE('',#383,3.E0);
#389=CIRCLE('',#388,3.E0);
#410=CIRCLE('',#409,8.E-1);
#423=CIRCLE('',#422,8.E-1);
#436=CIRCLE('',#435,1.478394737758E0);
#441=CIRCLE('',#440,1.478394737758E0);
#446=CIRCLE('',#445,1.478394737758E0);
#451=CIRCLE('',#450,1.478394737758E0);
#456=CIRCLE('',#455,1.478394737758E0);
#461=CIRCLE('',#460,1.478394737758E0);
#534=CIRCLE('',#533,1.478394737758E0);
#539=CIRCLE('',#538,1.478394737758E0);
#544=CIRCLE('',#543,1.478394737758E0);
#549=CIRCLE('',#548,1.478394737758E0);
#554=CIRCLE('',#553,1.478394737758E0);
#559=CIRCLE('',#558,1.478394737758E0);
#604=CIRCLE('',#603,1.5E0);
#609=CIRCLE('',#608,1.5E0);
#618=CIRCLE('',#617,3.316316306750E0);
#627=CIRCLE('',#626,3.316316306750E0);
#640=CIRCLE('',#639,1.5E0);
#645=CIRCLE('',#644,1.5E0);
#698=CIRCLE('',#697,1.4E0);
#703=CIRCLE('',#702,1.4E0);
#716=CIRCLE('',#715,1.4E0);
#721=CIRCLE('',#720,1.4E0);
#734=CIRCLE('',#733,1.4E0);
#739=CIRCLE('',#738,1.4E0);
#752=CIRCLE('',#751,1.4E0);
#757=CIRCLE('',#756,1.4E0);
#1379=EDGE_CURVE('',#1060,#1061,#44,.T.);
#1381=EDGE_CURVE('',#1061,#1060,#49,.T.);
#1385=EDGE_CURVE('',#1084,#1085,#104,.T.);
#1387=EDGE_CURVE('',#1085,#1084,#109,.T.);
#1397=EDGE_CURVE('',#1064,#1065,#54,.T.);
#1399=EDGE_CURVE('',#1065,#1064,#59,.T.);
#1403=EDGE_CURVE('',#1088,#1089,#114,.T.);
#1405=EDGE_CURVE('',#1089,#1088,#119,.T.);
#1415=EDGE_CURVE('',#1068,#1069,#64,.T.);
#1417=EDGE_CURVE('',#1069,#1068,#69,.T.);
#1421=EDGE_CURVE('',#1080,#1081,#94,.T.);
#1423=EDGE_CURVE('',#1081,#1080,#99,.T.);
#1433=EDGE_CURVE('',#1072,#1073,#74,.T.);
#1435=EDGE_CURVE('',#1073,#1072,#79,.T.);
#1439=EDGE_CURVE('',#1076,#1077,#84,.T.);
#1441=EDGE_CURVE('',#1077,#1076,#89,.T.);
#1451=EDGE_CURVE('',#1060,#1107,#123,.T.);
#1453=EDGE_CURVE('',#1107,#1109,#128,.T.);
#1455=EDGE_CURVE('',#1061,#1109,#132,.T.);
#1469=EDGE_CURVE('',#1109,#1107,#137,.T.);
#1479=EDGE_CURVE('',#1363,#1365,#226,.T.);
#1481=EDGE_CURVE('',#1369,#1363,#627,.T.);
#1483=EDGE_CURVE('',#1368,#1369,#231,.T.);
#1485=EDGE_CURVE('',#1125,#1368,#235,.T.);
#1487=EDGE_CURVE('',#1129,#1125,#645,.T.);
#1489=EDGE_CURVE('',#1193,#1129,#657,.T.);
#1491=EDGE_CURVE('',#1193,#1201,#239,.T.);
#1493=EDGE_CURVE('',#1199,#1201,#243,.T.);
#1495=EDGE_CURVE('',#1205,#1199,#247,.T.);
#1497=EDGE_CURVE('',#1205,#1203,#251,.T.);
#1499=EDGE_CURVE('',#1203,#1195,#255,.T.);
#1501=EDGE_CURVE('',#1133,#1195,#583,.T.);
#1503=EDGE_CURVE('',#1365,#1133,#604,.T.);
#1507=EDGE_CURVE('',#1111,#1113,#264,.T.);
#1509=EDGE_CURVE('',#1113,#1111,#273,.T.);
#1513=EDGE_CURVE('',#1115,#1117,#282,.T.);
#1515=EDGE_CURVE('',#1117,#1115,#291,.T.);
#1519=EDGE_CURVE('',#1119,#1121,#300,.T.);
#1521=EDGE_CURVE('',#1121,#1119,#309,.T.);
#1525=EDGE_CURVE('',#1144,#1145,#142,.T.);
#1527=EDGE_CURVE('',#1145,#1144,#147,.T.);
#1531=EDGE_CURVE('',#1148,#1149,#152,.T.);
#1533=EDGE_CURVE('',#1149,#1148,#157,.T.);
#1537=EDGE_CURVE('',#1160,#1161,#161,.T.);
#1539=EDGE_CURVE('',#1165,#1160,#165,.T.);
#1541=EDGE_CURVE('',#1163,#1165,#169,.T.);
#1543=EDGE_CURVE('',#1161,#1163,#173,.T.);
#1547=EDGE_CURVE('',#1296,#1297,#177,.T.);
#1549=EDGE_CURVE('',#1297,#1299,#181,.T.);
#1551=EDGE_CURVE('',#1299,#1301,#185,.T.);
#1553=EDGE_CURVE('',#1301,#1296,#189,.T.);
#1557=EDGE_CURVE('',#1304,#1305,#193,.T.);
#1559=EDGE_CURVE('',#1305,#1307,#197,.T.);
#1561=EDGE_CURVE('',#1307,#1309,#201,.T.);
#1563=EDGE_CURVE('',#1309,#1304,#205,.T.);
#1567=EDGE_CURVE('',#1344,#1345,#209,.T.);
#1569=EDGE_CURVE('',#1345,#1347,#213,.T.);
#1571=EDGE_CURVE('',#1347,#1349,#217,.T.);
#1573=EDGE_CURVE('',#1349,#1344,#221,.T.);
#1587=EDGE_CURVE('',#1064,#1111,#259,.T.);
#1590=EDGE_CURVE('',#1065,#1113,#268,.T.);
#1613=EDGE_CURVE('',#1068,#1115,#277,.T.);
#1616=EDGE_CURVE('',#1069,#1117,#286,.T.);
#1639=EDGE_CURVE('',#1072,#1119,#295,.T.);
#1642=EDGE_CURVE('',#1073,#1121,#304,.T.);
#1665=EDGE_CURVE('',#1136,#1137,#374,.T.);
#1667=EDGE_CURVE('',#1136,#1144,#313,.T.);
#1670=EDGE_CURVE('',#1137,#1145,#793,.T.);
#1680=EDGE_CURVE('',#1168,#1169,#317,.T.);
#1682=EDGE_CURVE('',#1173,#1168,#321,.T.);
#1684=EDGE_CURVE('',#1171,#1173,#325,.T.);
#1686=EDGE_CURVE('',#1169,#1171,#329,.T.);
#1690=EDGE_CURVE('',#1092,#1093,#334,.T.);
#1692=EDGE_CURVE('',#1093,#1092,#339,.T.);
#1696=EDGE_CURVE('',#1096,#1097,#344,.T.);
#1698=EDGE_CURVE('',#1097,#1096,#349,.T.);
#1702=EDGE_CURVE('',#1100,#1101,#354,.T.);
#1704=EDGE_CURVE('',#1101,#1100,#359,.T.);
#1708=EDGE_CURVE('',#1104,#1105,#364,.T.);
#1710=EDGE_CURVE('',#1105,#1104,#369,.T.);
#1715=EDGE_CURVE('',#1137,#1136,#379,.T.);
#1719=EDGE_CURVE('',#1140,#1141,#384,.T.);
#1721=EDGE_CURVE('',#1141,#1140,#389,.T.);
#1725=EDGE_CURVE('',#1152,#1153,#393,.T.);
#1727=EDGE_CURVE('',#1153,#1155,#397,.T.);
#1729=EDGE_CURVE('',#1155,#1157,#401,.T.);
#1731=EDGE_CURVE('',#1157,#1152,#405,.T.);
#1735=EDGE_CURVE('',#1360,#1361,#410,.T.);
#1737=EDGE_CURVE('',#1132,#1360,#609,.T.);
#1739=EDGE_CURVE('',#1197,#1132,#591,.T.);
#1741=EDGE_CURVE('',#1191,#1197,#414,.T.);
#1743=EDGE_CURVE('',#1128,#1191,#649,.T.);
#1745=EDGE_CURVE('',#1124,#1128,#640,.T.);
#1747=EDGE_CURVE('',#1124,#1373,#418,.T.);
#1749=EDGE_CURVE('',#1371,#1373,#423,.T.);
#1751=EDGE_CURVE('',#1361,#1371,#618,.T.);
#1762=EDGE_CURVE('',#1169,#1177,#431,.T.);
#1764=EDGE_CURVE('',#1176,#1177,#489,.T.);
#1766=EDGE_CURVE('',#1168,#1176,#427,.T.);
#1777=EDGE_CURVE('',#1171,#1179,#481,.T.);
#1779=EDGE_CURVE('',#1177,#1179,#493,.T.);
#1784=EDGE_CURVE('',#1208,#1209,#436,.T.);
#1786=EDGE_CURVE('',#1209,#1208,#441,.T.);
#1790=EDGE_CURVE('',#1212,#1213,#446,.T.);
#1792=EDGE_CURVE('',#1213,#1212,#451,.T.);
#1796=EDGE_CURVE('',#1216,#1217,#456,.T.);
#1798=EDGE_CURVE('',#1217,#1216,#461,.T.);
#1802=EDGE_CURVE('',#1232,#1244,#465,.T.);
#1804=EDGE_CURVE('',#1240,#1244,#698,.T.);
#1806=EDGE_CURVE('',#1240,#1252,#469,.T.);
#1808=EDGE_CURVE('',#1248,#1252,#752,.T.);
#1810=EDGE_CURVE('',#1248,#1260,#473,.T.);
#1812=EDGE_CURVE('',#1256,#1260,#734,.T.);
#1814=EDGE_CURVE('',#1256,#1236,#477,.T.);
#1816=EDGE_CURVE('',#1232,#1236,#716,.T.);
#1827=EDGE_CURVE('',#1173,#1181,#485,.T.);
#1829=EDGE_CURVE('',#1179,#1181,#497,.T.);
#1842=EDGE_CURVE('',#1181,#1176,#501,.T.);
#1859=EDGE_CURVE('',#1184,#1185,#505,.T.);
#1861=EDGE_CURVE('',#1185,#1187,#509,.T.);
#1863=EDGE_CURVE('',#1187,#1189,#513,.T.);
#1865=EDGE_CURVE('',#1189,#1184,#517,.T.);
#1875=EDGE_CURVE('',#1199,#1184,#521,.T.);
#1878=EDGE_CURVE('',#1201,#1185,#579,.T.);
#1891=EDGE_CURVE('',#1205,#1189,#525,.T.);
#1902=EDGE_CURVE('',#1203,#1187,#529,.T.);
#1909=EDGE_CURVE('',#1220,#1221,#534,.T.);
#1911=EDGE_CURVE('',#1221,#1220,#539,.T.);
#1915=EDGE_CURVE('',#1224,#1225,#544,.T.);
#1917=EDGE_CURVE('',#1225,#1224,#549,.T.);
#1921=EDGE_CURVE('',#1228,#1229,#554,.T.);
#1923=EDGE_CURVE('',#1229,#1228,#559,.T.);
#1927=EDGE_CURVE('',#1241,#1253,#563,.T.);
#1929=EDGE_CURVE('',#1245,#1241,#703,.T.);
#1931=EDGE_CURVE('',#1233,#1245,#567,.T.);
#1933=EDGE_CURVE('',#1237,#1233,#721,.T.);
#1935=EDGE_CURVE('',#1257,#1237,#571,.T.);
#1937=EDGE_CURVE('',#1261,#1257,#739,.T.);
#1939=EDGE_CURVE('',#1249,#1261,#575,.T.);
#1941=EDGE_CURVE('',#1253,#1249,#757,.T.);
#1952=EDGE_CURVE('',#1195,#1197,#587,.T.);
#1959=EDGE_CURVE('',#1193,#1191,#653,.T.);
#1972=EDGE_CURVE('',#1132,#1133,#595,.T.);
#1982=EDGE_CURVE('',#1365,#1360,#599,.T.);
#1996=EDGE_CURVE('',#1363,#1361,#613,.T.);
#2010=EDGE_CURVE('',#1371,#1369,#622,.T.);
#2024=EDGE_CURVE('',#1373,#1368,#631,.T.);
#2036=EDGE_CURVE('',#1124,#1125,#635,.T.);
#2049=EDGE_CURVE('',#1128,#1129,#661,.T.);
#2073=EDGE_CURVE('',#1208,#1220,#665,.T.);
#2076=EDGE_CURVE('',#1209,#1221,#669,.T.);
#2099=EDGE_CURVE('',#1212,#1224,#673,.T.);
#2102=EDGE_CURVE('',#1213,#1225,#677,.T.);
#2125=EDGE_CURVE('',#1216,#1228,#681,.T.);
#2128=EDGE_CURVE('',#1217,#1229,#685,.T.);
#2150=EDGE_CURVE('',#1240,#1241,#689,.T.);
#2153=EDGE_CURVE('',#1252,#1253,#693,.T.);
#2166=EDGE_CURVE('',#1244,#1245,#711,.T.);
#2177=EDGE_CURVE('',#1232,#1233,#707,.T.);
#2192=EDGE_CURVE('',#1236,#1237,#725,.T.);
#2205=EDGE_CURVE('',#1256,#1257,#729,.T.);
#2218=EDGE_CURVE('',#1260,#1261,#747,.T.);
#2229=EDGE_CURVE('',#1248,#1249,#743,.T.);
#2255=EDGE_CURVE('',#1076,#1092,#761,.T.);
#2258=EDGE_CURVE('',#1077,#1093,#765,.T.);
#2281=EDGE_CURVE('',#1080,#1096,#769,.T.);
#2284=EDGE_CURVE('',#1081,#1097,#773,.T.);
#2307=EDGE_CURVE('',#1084,#1100,#777,.T.);
#2310=EDGE_CURVE('',#1085,#1101,#781,.T.);
#2333=EDGE_CURVE('',#1088,#1104,#785,.T.);
#2336=EDGE_CURVE('',#1089,#1105,#789,.T.);
#2371=EDGE_CURVE('',#1140,#1148,#797,.T.);
#2374=EDGE_CURVE('',#1141,#1149,#801,.T.);
#2397=EDGE_CURVE('',#1152,#1160,#805,.T.);
#2400=EDGE_CURVE('',#1153,#1161,#817,.T.);
#2411=EDGE_CURVE('',#1157,#1165,#809,.T.);
#2424=EDGE_CURVE('',#1155,#1163,#813,.T.);
#2449=EDGE_CURVE('',#1296,#1264,#821,.T.);
#2451=EDGE_CURVE('',#1264,#1265,#837,.T.);
#2453=EDGE_CURVE('',#1297,#1265,#833,.T.);
#2464=EDGE_CURVE('',#1301,#1269,#825,.T.);
#2466=EDGE_CURVE('',#1269,#1264,#841,.T.);
#2478=EDGE_CURVE('',#1299,#1267,#829,.T.);
#2480=EDGE_CURVE('',#1267,#1269,#845,.T.);
#2493=EDGE_CURVE('',#1265,#1267,#849,.T.);
#2510=EDGE_CURVE('',#1272,#1273,#853,.T.);
#2512=EDGE_CURVE('',#1277,#1272,#857,.T.);
#2514=EDGE_CURVE('',#1275,#1277,#861,.T.);
#2516=EDGE_CURVE('',#1273,#1275,#865,.T.);
#2526=EDGE_CURVE('',#1280,#1281,#869,.T.);
#2528=EDGE_CURVE('',#1285,#1280,#873,.T.);
#2530=EDGE_CURVE('',#1283,#1285,#877,.T.);
#2532=EDGE_CURVE('',#1281,#1283,#881,.T.);
#2536=EDGE_CURVE('',#1288,#1289,#885,.T.);
#2538=EDGE_CURVE('',#1293,#1288,#889,.T.);
#2540=EDGE_CURVE('',#1291,#1293,#893,.T.);
#2542=EDGE_CURVE('',#1289,#1291,#897,.T.);
#2552=EDGE_CURVE('',#1328,#1329,#901,.T.);
#2554=EDGE_CURVE('',#1333,#1328,#905,.T.);
#2556=EDGE_CURVE('',#1331,#1333,#909,.T.);
#2558=EDGE_CURVE('',#1329,#1331,#913,.T.);
#2562=EDGE_CURVE('',#1336,#1337,#917,.T.);
#2564=EDGE_CURVE('',#1341,#1336,#921,.T.);
#2566=EDGE_CURVE('',#1339,#1341,#925,.T.);
#2568=EDGE_CURVE('',#1337,#1339,#929,.T.);
#2578=EDGE_CURVE('',#1273,#1317,#933,.T.);
#2580=EDGE_CURVE('',#1317,#1312,#953,.T.);
#2582=EDGE_CURVE('',#1312,#1272,#937,.T.);
#2593=EDGE_CURVE('',#1275,#1315,#941,.T.);
#2595=EDGE_CURVE('',#1315,#1317,#957,.T.);
#2607=EDGE_CURVE('',#1277,#1313,#945,.T.);
#2609=EDGE_CURVE('',#1313,#1315,#961,.T.);
#2622=EDGE_CURVE('',#1312,#1313,#949,.T.);
#2646=EDGE_CURVE('',#1320,#1321,#965,.T.);
#2648=EDGE_CURVE('',#1325,#1320,#969,.T.);
#2650=EDGE_CURVE('',#1323,#1325,#973,.T.);
#2652=EDGE_CURVE('',#1321,#1323,#977,.T.);
#2662=EDGE_CURVE('',#1352,#1353,#981,.T.);
#2664=EDGE_CURVE('',#1357,#1352,#985,.T.);
#2666=EDGE_CURVE('',#1355,#1357,#989,.T.);
#2668=EDGE_CURVE('',#1353,#1355,#993,.T.);
#2678=EDGE_CURVE('',#1320,#1289,#1001,.T.);
#2681=EDGE_CURVE('',#1288,#1321,#1009,.T.);
#2692=EDGE_CURVE('',#1291,#1325,#997,.T.);
#2705=EDGE_CURVE('',#1293,#1323,#1005,.T.);
#2730=EDGE_CURVE('',#1352,#1336,#1017,.T.);
#2733=EDGE_CURVE('',#1341,#1353,#1025,.T.);
#2744=EDGE_CURVE('',#1337,#1357,#1013,.T.);
#2757=EDGE_CURVE('',#1339,#1355,#1021,.T.);
#2783=EDGE_CURVE('',#1304,#1280,#1029,.T.);
#2786=EDGE_CURVE('',#1305,#1281,#1041,.T.);
#2797=EDGE_CURVE('',#1309,#1285,#1033,.T.);
#2810=EDGE_CURVE('',#1307,#1283,#1037,.T.);
#2835=EDGE_CURVE('',#1344,#1328,#1045,.T.);
#2838=EDGE_CURVE('',#1345,#1329,#1057,.T.);
#2849=EDGE_CURVE('',#1349,#1333,#1049,.T.);
#2862=EDGE_CURVE('',#1347,#1331,#1053,.T.);
#2881=CLOSED_SHELL('',(#1391,#1409,#1427,#1445,#1460,#1473,#1581,#1595,#1607,
#1621,#1633,#1647,#1659,#1674,#1755,#1770,#1820,#1834,#1847,#1869,#1883,#1896,
#1945,#1963,#1976,#1989,#2002,#2015,#2028,#2041,#2054,#2066,#2080,#2092,#2106,
#2118,#2132,#2144,#2158,#2171,#2184,#2197,#2210,#2223,#2236,#2248,#2262,#2274,
#2288,#2300,#2314,#2326,#2340,#2352,#2364,#2378,#2390,#2404,#2417,#2430,#2442,
#2457,#2471,#2485,#2498,#2520,#2546,#2572,#2587,#2601,#2615,#2628,#2640,#2656,
#2672,#2686,#2699,#2712,#2724,#2738,#2751,#2764,#2776,#2790,#2803,#2816,#2828,
#2842,#2855,#2868,#2880));
#2882=MANIFOLD_SOLID_BREP('',#2881);
#2883=(LENGTH_UNIT()NAMED_UNIT(*)SI_UNIT(.MILLI.,.METRE.));
#2885=(NAMED_UNIT(*)PLANE_ANGLE_UNIT()SI_UNIT($,.RADIAN.));
#2888=(NAMED_UNIT(*)SI_UNIT($,.STERADIAN.)SOLID_ANGLE_UNIT());
#2894=AXIS2_PLACEMENT_3D('',#2891,#2892,#2893);
#2895=ADVANCED_BREP_SHAPE_REPRESENTATION('',(#2894,#2882),#2890);
#2902=PRODUCT_DEFINITION('design','',#2901,#2898);
#2903=PRODUCT_DEFINITION_SHAPE('','SHAPE FOR PRT0001.',#2902);
#2904=SHAPE_DEFINITION_REPRESENTATION(#2903,#2895);
#2905=SHAPE_DEFINITION_REPRESENTATION(#2906,#2907);
#2906=PRODUCT_DEFINITION_SHAPE('','SHAPE FOR ESP32-S3-TOUCH-LCD-4_ASM_ASM.',
#4684);
#2907=SHAPE_REPRESENTATION('',(#2913,#4664,#4679),#4675);
#2908=NEXT_ASSEMBLY_USAGE_OCCURRENCE('0','Next assembly relationship','PRT0001',
#4684,#2902,$);
#2909=PRODUCT_DEFINITION_SHAPE('Placement #0',
'Placement of PRT0001 with respect to ESP32-S3-TOUCH-LCD-4_ASM_ASM',#2908);
#2921=CIRCLE('',#2920,3.15E0);
#2926=CIRCLE('',#2925,3.15E0);
#2931=CIRCLE('',#2930,3.15E0);
#2936=CIRCLE('',#2935,3.15E0);
#2984=B_SPLINE_CURVE_WITH_KNOTS('',3,(#2937,#2938,#2939,#2940,#2941,#2942,#2943,
#2944,#2945,#2946,#2947,#2948,#2949,#2950,#2951,#2952,#2953,#2954,#2955,#2956,
#2957,#2958,#2959,#2960,#2961,#2962,#2963,#2964,#2965,#2966,#2967,#2968,#2969,
#2970,#2971,#2972,#2973,#2974,#2975,#2976,#2977,#2978,#2979,#2980,#2981,#2982,
#2983),.UNSPECIFIED.,.F.,.F.,(4,1,1,1,1,1,1,1,1,1,1,1,1,1,1,1,1,1,1,1,1,1,1,1,1,
1,1,1,1,1,1,1,1,1,1,1,1,1,1,1,1,1,1,1,4),(0.E0,3.125E-2,6.25E-2,9.375E-2,
1.25E-1,1.5625E-1,1.875E-1,2.1875E-1,2.5E-1,2.8125E-1,3.125E-1,3.4375E-1,
3.75E-1,4.0625E-1,4.21875E-1,4.375E-1,4.53125E-1,4.6875E-1,4.765625E-1,
4.84375E-1,4.921875E-1,4.9609375E-1,5.E-1,5.0390625E-1,5.078125E-1,5.15625E-1,
5.234375E-1,5.3125E-1,5.46875E-1,5.625E-1,5.78125E-1,5.9375E-1,6.25E-1,
6.5625E-1,6.875E-1,7.1875E-1,7.5E-1,7.8125E-1,8.125E-1,8.4375E-1,8.75E-1,
9.0625E-1,9.375E-1,9.6875E-1,1.E0),.UNSPECIFIED.);
#3033=CIRCLE('',#3032,4.E0);
#3038=CIRCLE('',#3037,4.E0);
#3043=CIRCLE('',#3042,4.E0);
#3048=CIRCLE('',#3047,4.E0);
#3053=CIRCLE('',#3052,4.E0);
#3058=CIRCLE('',#3057,4.E0);
#3063=CIRCLE('',#3062,4.E0);
#3068=CIRCLE('',#3067,4.E0);
#3097=CIRCLE('',#3096,1.75E0);
#3106=CIRCLE('',#3105,1.75E0);
#3119=CIRCLE('',#3118,1.75E0);
#3124=CIRCLE('',#3123,1.75E0);
#3129=CIRCLE('',#3128,1.75E0);
#3134=CIRCLE('',#3133,1.75E0);
#3182=B_SPLINE_CURVE_WITH_KNOTS('',3,(#3135,#3136,#3137,#3138,#3139,#3140,#3141,
#3142,#3143,#3144,#3145,#3146,#3147,#3148,#3149,#3150,#3151,#3152,#3153,#3154,
#3155,#3156,#3157,#3158,#3159,#3160,#3161,#3162,#3163,#3164,#3165,#3166,#3167,
#3168,#3169,#3170,#3171,#3172,#3173,#3174,#3175,#3176,#3177,#3178,#3179,#3180,
#3181),.UNSPECIFIED.,.F.,.F.,(4,1,1,1,1,1,1,1,1,1,1,1,1,1,1,1,1,1,1,1,1,1,1,1,1,
1,1,1,1,1,1,1,1,1,1,1,1,1,1,1,1,1,1,1,4),(0.E0,3.125E-2,6.25E-2,9.375E-2,
1.25E-1,1.5625E-1,1.875E-1,2.1875E-1,2.5E-1,2.8125E-1,3.125E-1,3.4375E-1,
3.75E-1,4.0625E-1,4.21875E-1,4.375E-1,4.53125E-1,4.6875E-1,4.765625E-1,
4.84375E-1,4.921875E-1,4.9609375E-1,5.E-1,5.0390625E-1,5.078125E-1,5.15625E-1,
5.234375E-1,5.3125E-1,5.46875E-1,5.625E-1,5.78125E-1,5.9375E-1,6.25E-1,
6.5625E-1,6.875E-1,7.1875E-1,7.5E-1,7.8125E-1,8.125E-1,8.4375E-1,8.75E-1,
9.0625E-1,9.375E-1,9.6875E-1,1.E0),.UNSPECIFIED.);
#3199=CIRCLE('',#3198,4.E0);
#3204=CIRCLE('',#3203,4.E0);
#3209=CIRCLE('',#3208,4.E0);
#3214=CIRCLE('',#3213,4.E0);
#3219=CIRCLE('',#3218,4.E0);
#3224=CIRCLE('',#3223,4.E0);
#3229=CIRCLE('',#3228,4.E0);
#3234=CIRCLE('',#3233,4.E0);
#3443=CIRCLE('',#3442,1.75E0);
#3460=CIRCLE('',#3459,1.75E0);
#3754=EDGE_CURVE('',#3679,#3680,#3000,.T.);
#3756=EDGE_CURVE('',#3680,#3682,#3004,.T.);
#3758=EDGE_CURVE('',#3682,#3684,#3008,.T.);
#3760=EDGE_CURVE('',#3684,#3679,#3012,.T.);
#3764=EDGE_CURVE('',#3627,#3628,#2921,.T.);
#3766=EDGE_CURVE('',#3628,#3627,#2926,.T.);
#3770=EDGE_CURVE('',#3635,#3636,#2931,.T.);
#3772=EDGE_CURVE('',#3636,#3635,#2936,.T.);
#3776=EDGE_CURVE('',#3641,#3642,#2984,.T.);
#3778=EDGE_CURVE('',#3641,#3587,#2988,.T.);
#3780=EDGE_CURVE('',#3587,#3588,#2992,.T.);
#3782=EDGE_CURVE('',#3588,#3642,#2996,.T.);
#3786=EDGE_CURVE('',#3703,#3704,#3033,.T.);
#3788=EDGE_CURVE('',#3704,#3703,#3038,.T.);
#3792=EDGE_CURVE('',#3707,#3708,#3043,.T.);
#3794=EDGE_CURVE('',#3708,#3707,#3048,.T.);
#3798=EDGE_CURVE('',#3711,#3712,#3053,.T.);
#3800=EDGE_CURVE('',#3712,#3711,#3058,.T.);
#3804=EDGE_CURVE('',#3715,#3716,#3063,.T.);
#3806=EDGE_CURVE('',#3716,#3715,#3068,.T.);
#3816=EDGE_CURVE('',#3735,#3736,#3072,.T.);
#3818=EDGE_CURVE('',#3736,#3742,#3076,.T.);
#3820=EDGE_CURVE('',#3742,#3746,#3080,.T.);
#3822=EDGE_CURVE('',#3746,#3735,#3084,.T.);
#3826=EDGE_CURVE('',#3687,#3688,#3016,.T.);
#3828=EDGE_CURVE('',#3688,#3696,#3020,.T.);
#3830=EDGE_CURVE('',#3696,#3698,#3024,.T.);
#3832=EDGE_CURVE('',#3698,#3687,#3028,.T.);
#3843=EDGE_CURVE('',#3628,#3632,#3092,.T.);
#3845=EDGE_CURVE('',#3631,#3632,#3106,.T.);
#3847=EDGE_CURVE('',#3627,#3631,#3088,.T.);
#3859=EDGE_CURVE('',#3632,#3631,#3097,.T.);
#3871=EDGE_CURVE('',#3579,#3631,#3110,.T.);
#3873=EDGE_CURVE('',#3580,#3579,#3124,.T.);
#3875=EDGE_CURVE('',#3580,#3632,#3101,.T.);
#3887=EDGE_CURVE('',#3579,#3580,#3119,.T.);
#3898=EDGE_CURVE('',#3595,#3598,#3390,.T.);
#3900=EDGE_CURVE('',#3595,#3596,#3114,.T.);
#3902=EDGE_CURVE('',#3600,#3596,#3430,.T.);
#3904=EDGE_CURVE('',#3598,#3600,#3418,.T.);
#3908=EDGE_CURVE('',#3655,#3656,#3354,.T.);
#3910=EDGE_CURVE('',#3660,#3655,#3350,.T.);
#3912=EDGE_CURVE('',#3658,#3660,#3374,.T.);
#3914=EDGE_CURVE('',#3656,#3658,#3366,.T.);
#3918=EDGE_CURVE('',#3647,#3648,#3334,.T.);
#3920=EDGE_CURVE('',#3650,#3647,#3322,.T.);
#3922=EDGE_CURVE('',#3652,#3650,#3318,.T.);
#3924=EDGE_CURVE('',#3648,#3652,#3342,.T.);
#3928=EDGE_CURVE('',#3663,#3664,#3238,.T.);
#3930=EDGE_CURVE('',#3668,#3663,#3266,.T.);
#3932=EDGE_CURVE('',#3666,#3668,#3258,.T.);
#3934=EDGE_CURVE('',#3664,#3666,#3250,.T.);
#3942=EDGE_CURVE('',#3583,#3584,#3129,.T.);
#3944=EDGE_CURVE('',#3584,#3583,#3134,.T.);
#3948=EDGE_CURVE('',#3643,#3644,#3182,.T.);
#3950=EDGE_CURVE('',#3592,#3644,#3186,.T.);
#3952=EDGE_CURVE('',#3591,#3592,#3190,.T.);
#3954=EDGE_CURVE('',#3643,#3591,#3194,.T.);
#3958=EDGE_CURVE('',#3719,#3720,#3199,.T.);
#3960=EDGE_CURVE('',#3720,#3719,#3204,.T.);
#3964=EDGE_CURVE('',#3723,#3724,#3209,.T.);
#3966=EDGE_CURVE('',#3724,#3723,#3214,.T.);
#3970=EDGE_CURVE('',#3727,#3728,#3219,.T.);
#3972=EDGE_CURVE('',#3728,#3727,#3224,.T.);
#3976=EDGE_CURVE('',#3731,#3732,#3229,.T.);
#3978=EDGE_CURVE('',#3732,#3731,#3234,.T.);
#3989=EDGE_CURVE('',#3664,#3608,#3242,.T.);
#3991=EDGE_CURVE('',#3608,#3603,#3274,.T.);
#3993=EDGE_CURVE('',#3603,#3663,#3246,.T.);
#4004=EDGE_CURVE('',#3666,#3606,#3254,.T.);
#4006=EDGE_CURVE('',#3606,#3608,#3278,.T.);
#4018=EDGE_CURVE('',#3668,#3604,#3262,.T.);
#4020=EDGE_CURVE('',#3604,#3606,#3282,.T.);
#4033=EDGE_CURVE('',#3603,#3604,#3270,.T.);
#4056=EDGE_CURVE('',#3611,#3612,#3286,.T.);
#4058=EDGE_CURVE('',#3616,#3611,#3290,.T.);
#4060=EDGE_CURVE('',#3614,#3616,#3294,.T.);
#4062=EDGE_CURVE('',#3612,#3614,#3298,.T.);
#4072=EDGE_CURVE('',#3619,#3620,#3302,.T.);
#4074=EDGE_CURVE('',#3624,#3619,#3306,.T.);
#4076=EDGE_CURVE('',#3622,#3624,#3310,.T.);
#4078=EDGE_CURVE('',#3620,#3622,#3314,.T.);
#4089=EDGE_CURVE('',#3611,#3650,#3330,.T.);
#4092=EDGE_CURVE('',#3652,#3612,#3346,.T.);
#4103=EDGE_CURVE('',#3647,#3616,#3326,.T.);
#4116=EDGE_CURVE('',#3648,#3614,#3338,.T.);
#4141=EDGE_CURVE('',#3619,#3655,#3362,.T.);
#4144=EDGE_CURVE('',#3660,#3620,#3378,.T.);
#4155=EDGE_CURVE('',#3656,#3624,#3358,.T.);
#4168=EDGE_CURVE('',#3658,#3622,#3370,.T.);
#4192=EDGE_CURVE('',#3744,#3748,#3382,.T.);
#4194=EDGE_CURVE('',#3744,#3595,#3386,.T.);
#4197=EDGE_CURVE('',#3748,#3598,#3414,.T.);
#4208=EDGE_CURVE('',#3744,#3742,#3394,.T.);
#4211=EDGE_CURVE('',#3748,#3746,#3406,.T.);
#4222=EDGE_CURVE('',#3740,#3736,#3398,.T.);
#4224=EDGE_CURVE('',#3740,#3744,#3434,.T.);
#4236=EDGE_CURVE('',#3739,#3735,#3402,.T.);
#4238=EDGE_CURVE('',#3739,#3740,#3422,.T.);
#4251=EDGE_CURVE('',#3748,#3739,#3410,.T.);
#4265=EDGE_CURVE('',#3739,#3600,#3426,.T.);
#4278=EDGE_CURVE('',#3740,#3596,#3438,.T.);
#4300=EDGE_CURVE('',#3639,#3640,#3443,.T.);
#4302=EDGE_CURVE('',#3584,#3640,#3464,.T.);
#4305=EDGE_CURVE('',#3583,#3639,#3447,.T.);
#4316=EDGE_CURVE('',#3636,#3640,#3455,.T.);
#4319=EDGE_CURVE('',#3635,#3639,#3451,.T.);
#4331=EDGE_CURVE('',#3640,#3639,#3460,.T.);
#4353=ELLIPSE('',#4352,2.5E1,6.73E0);
#4358=EDGE_CURVE('',#3642,#3644,#3468,.T.);
#4361=EDGE_CURVE('',#3641,#3643,#3480,.T.);
#4373=EDGE_CURVE('',#3588,#3592,#3472,.T.);
#4385=EDGE_CURVE('',#3587,#3591,#3476,.T.);
#4410=EDGE_CURVE('',#3703,#3719,#3484,.T.);
#4413=EDGE_CURVE('',#3704,#3720,#3488,.T.);
#4436=EDGE_CURVE('',#3707,#3723,#3492,.T.);
#4439=EDGE_CURVE('',#3708,#3724,#3496,.T.);
#4462=EDGE_CURVE('',#3711,#3727,#3500,.T.);
#4465=EDGE_CURVE('',#3712,#3728,#3504,.T.);
#4488=EDGE_CURVE('',#3715,#3731,#3508,.T.);
#4491=EDGE_CURVE('',#3716,#3732,#3512,.T.);
#4514=EDGE_CURVE('',#3679,#3671,#3516,.T.);
#4516=EDGE_CURVE('',#3671,#3672,#3532,.T.);
#4518=EDGE_CURVE('',#3680,#3672,#3528,.T.);
#4529=EDGE_CURVE('',#3684,#3676,#3520,.T.);
#4531=EDGE_CURVE('',#3676,#3671,#3536,.T.);
#4543=EDGE_CURVE('',#3682,#3674,#3524,.T.);
#4545=EDGE_CURVE('',#3674,#3676,#3540,.T.);
#4558=EDGE_CURVE('',#3672,#3674,#3544,.T.);
#4569=EDGE_CURVE('',#3691,#3692,#3548,.T.);
#4571=EDGE_CURVE('',#3700,#3691,#3552,.T.);
#4573=EDGE_CURVE('',#3694,#3700,#3556,.T.);
#4575=EDGE_CURVE('',#3692,#3694,#3560,.T.);
#4592=EDGE_CURVE('',#3691,#3687,#3564,.T.);
#4595=EDGE_CURVE('',#3692,#3688,#3576,.T.);
#4606=EDGE_CURVE('',#3700,#3698,#3568,.T.);
#4619=EDGE_CURVE('',#3694,#3696,#3572,.T.);
#4638=CLOSED_SHELL('',(#3810,#3836,#3851,#3864,#3879,#3892,#3982,#3997,#4011,
#4025,#4038,#4050,#4066,#4082,#4096,#4109,#4122,#4134,#4148,#4161,#4174,#4186,
#4201,#4215,#4229,#4243,#4256,#4269,#4282,#4294,#4309,#4323,#4336,#4348,#4365,
#4378,#4391,#4403,#4417,#4429,#4443,#4455,#4469,#4481,#4495,#4507,#4522,#4536,
#4550,#4563,#4585,#4599,#4612,#4625,#4637));
#4639=MANIFOLD_SOLID_BREP('',#4638);
#4640=(LENGTH_UNIT()NAMED_UNIT(*)SI_UNIT(.MILLI.,.METRE.));
#4642=(NAMED_UNIT(*)PLANE_ANGLE_UNIT()SI_UNIT($,.RADIAN.));
#4645=(NAMED_UNIT(*)SI_UNIT($,.STERADIAN.)SOLID_ANGLE_UNIT());
#4651=AXIS2_PLACEMENT_3D('',#4648,#4649,#4650);
#4652=ADVANCED_BREP_SHAPE_REPRESENTATION('',(#4651,#4639),#4647);
#4656=PRODUCT_DEFINITION('design','',#4655,#2898);
#4657=PRODUCT_DEFINITION_SHAPE('','SHAPE FOR PRT0002.',#4656);
#4658=SHAPE_DEFINITION_REPRESENTATION(#4657,#4652);
#4659=NEXT_ASSEMBLY_USAGE_OCCURRENCE('1','Next assembly relationship','PRT0002',
#4684,#4656,$);
#4660=PRODUCT_DEFINITION_SHAPE('Placement #1',
'Placement of PRT0002 with respect to ESP32-S3-TOUCH-LCD-4_ASM_ASM',#4659);
#4668=(LENGTH_UNIT()NAMED_UNIT(*)SI_UNIT(.MILLI.,.METRE.));
#4670=(NAMED_UNIT(*)PLANE_ANGLE_UNIT()SI_UNIT($,.RADIAN.));
#4673=(NAMED_UNIT(*)SI_UNIT($,.STERADIAN.)SOLID_ANGLE_UNIT());
#4679=AXIS2_PLACEMENT_3D('',#4676,#4677,#4678);
#4684=PRODUCT_DEFINITION('design','',#4683,#4680);
ENDSEC;
END-ISO-10303-21;
